customer_id,car_make,car_model,lease_start_date,lease_end_date,monthly_payment,insurance_provider,driver_license_number
1,Mercedes-Benz,E-Class,3/9/2023,4/10/2025,690.69,State Farm,555555555
2,Chevrolet,Suburban 1500,5/18/2023,2/22/2025,851.28,Geico,987654321
3,Infiniti,QX,8/6/2023,2/27/2025,906.24,Progressive,123456789
4,Pontiac,Solstice,9/12/2023,6/30/2025,756.3,Geico,123456789
5,Land Rover,Range Rover,8/1/2023,1/10/2025,715.06,Progressive,555555555
6,Cadillac,DeVille,8/31/2023,1/4/2025,970.45,Geico,987654321
7,Honda,S2000,9/8/2023,12/6/2025,151.82,Geico,123456789
8,Toyota,Yaris,10/6/2023,6/28/2025,607.86,Progressive,555555555
9,Buick,Skylark,7/24/2023,2/2/2025,342.93,Geico,555555555
10,Buick,LeSabre,5/18/2023,8/25/2025,128.42,Geico,555555555
11,Pontiac,Firebird,8/9/2023,3/18/2025,783.84,Geico,555555555
12,Kia,Sorento,9/6/2023,1/15/2025,962.87,Progressive,987654321
13,Land Rover,Discovery Series II,4/19/2023,1/19/2025,961.68,State Farm,555555555
14,Oldsmobile,Achieva,7/25/2023,1/23/2025,951.68,State Farm,555555555
15,Mitsubishi,Mirage,5/11/2023,10/18/2025,729.29,Geico,555555555
16,Volkswagen,Jetta,1/30/2023,3/4/2025,429.88,Progressive,987654321
17,Volkswagen,GTI,1/5/2023,6/2/2025,506.68,Geico,123456789
18,Pontiac,Bonneville,11/26/2023,4/6/2025,430.49,State Farm,123456789
19,Mercedes-Benz,C-Class,12/28/2023,9/18/2025,106.21,Geico,555555555
20,Dodge,Ram Van 1500,12/27/2023,9/7/2025,508.25,Progressive,987654321
21,Saab,9000,9/29/2023,9/17/2025,762.46,State Farm,987654321
22,Suzuki,X-90,1/21/2023,4/4/2025,922.57,Geico,123456789
23,GMC,Savana 3500,8/17/2023,6/28/2025,860.66,State Farm,555555555
24,Acura,TL,4/27/2023,1/29/2025,897.07,Progressive,555555555
25,BMW,6 Series,10/21/2023,6/7/2025,437.11,Geico,123456789
26,Buick,LeSabre,12/14/2023,3/23/2025,398.15,State Farm,555555555
27,Jaguar,XF,12/28/2023,11/17/2025,335.58,State Farm,123456789
28,Dodge,Stratus,1/21/2023,8/12/2025,568.92,Geico,123456789
29,Chevrolet,G-Series 2500,6/29/2023,4/23/2025,594.32,Geico,987654321
30,Nissan,300ZX,3/22/2023,7/17/2025,654.81,Geico,555555555
31,Mercedes-Benz,E-Class,7/27/2023,5/9/2025,638.84,Progressive,123456789
32,Lincoln,MKZ,8/11/2023,5/4/2025,399.91,State Farm,555555555
33,Ford,F150,1/14/2023,7/1/2025,395.35,Geico,555555555
34,Jeep,Grand Cherokee,4/10/2023,3/27/2025,322.94,Geico,987654321
35,Porsche,Panamera,5/3/2023,3/6/2025,483.26,Geico,123456789
36,Dodge,Ram Van 3500,4/15/2023,3/15/2025,574.32,Progressive,123456789
37,Mercury,Grand Marquis,11/19/2023,3/17/2025,509.85,Geico,123456789
38,Pontiac,Grand Prix,1/7/2023,10/29/2025,538.85,Progressive,555555555
39,Hyundai,Elantra,12/23/2023,8/10/2025,844.39,State Farm,123456789
40,Ford,Escort,8/19/2023,2/19/2025,933.72,Geico,555555555
41,Toyota,T100 Xtra,4/24/2023,3/17/2025,640.79,Geico,555555555
42,Dodge,Dakota,7/24/2023,7/15/2025,108.3,State Farm,987654321
43,Ford,F350,4/7/2023,11/9/2025,867.77,Geico,123456789
44,Chevrolet,Impala,3/20/2023,4/16/2025,653.4,Progressive,123456789
45,Mercedes-Benz,W201,5/2/2023,5/18/2025,406.82,Geico,123456789
46,Chevrolet,TrailBlazer,2/14/2023,9/5/2025,837.46,Progressive,123456789
47,Mitsubishi,Lancer Evolution,9/4/2023,2/2/2025,943.1,State Farm,123456789
48,Lincoln,Continental,10/21/2023,1/25/2025,313.51,Geico,555555555
49,BMW,Z4,12/17/2023,7/22/2025,119.21,Progressive,123456789
50,Ford,Bronco,9/13/2023,1/15/2025,446.7,Progressive,123456789
51,Saturn,VUE,3/26/2023,7/10/2025,573.3,State Farm,987654321
52,Chevrolet,2500,7/28/2023,2/23/2025,221.42,Progressive,987654321
53,Infiniti,J,7/7/2023,7/23/2025,125.15,Progressive,123456789
54,Buick,LeSabre,12/23/2023,5/24/2025,992.25,State Farm,555555555
55,Pontiac,6000,8/12/2023,10/15/2025,368.74,Geico,987654321
56,Subaru,Impreza,9/11/2023,12/13/2025,748.6,Geico,987654321
57,Volvo,V40,10/29/2023,12/8/2025,726.33,Geico,123456789
58,BMW,7 Series,2/6/2023,3/4/2025,388.63,Progressive,123456789
59,GMC,Yukon XL 1500,6/23/2023,12/9/2025,177.99,Geico,987654321
60,Dodge,Dynasty,3/16/2023,5/5/2025,526.63,Geico,555555555
61,Mitsubishi,Galant,4/27/2023,9/7/2025,199.06,State Farm,987654321
62,GMC,2500 Club Coupe,7/31/2023,10/23/2025,582.25,Geico,987654321
63,GMC,Yukon,12/8/2023,3/14/2025,574.57,Progressive,555555555
64,Mazda,MX-6,12/28/2023,9/16/2025,261.25,State Farm,123456789
65,Lincoln,Continental,12/1/2023,4/6/2025,860.31,State Farm,555555555
66,Mitsubishi,Montero,1/5/2023,4/15/2025,303.68,Geico,555555555
67,Buick,Terraza,6/28/2023,9/13/2025,521.05,State Farm,123456789
68,Pontiac,Firebird Trans Am,2/18/2023,5/10/2025,784.0,State Farm,123456789
69,Chevrolet,S10,7/19/2023,6/22/2025,670.14,Geico,555555555
70,Chevrolet,Corvette,1/3/2023,8/20/2025,195.37,Geico,987654321
71,Scion,xD,4/13/2023,11/20/2025,193.55,Geico,987654321
72,Ford,E-Series,12/23/2023,4/23/2025,448.81,State Farm,987654321
73,Nissan,Sentra,2/18/2023,4/24/2025,819.98,State Farm,555555555
74,Volvo,XC70,4/27/2023,11/21/2025,976.83,Geico,123456789
75,Jeep,Wrangler,3/20/2023,8/1/2025,227.4,State Farm,555555555
76,Ford,Expedition,2/6/2023,3/30/2025,693.12,State Farm,123456789
77,Mercedes-Benz,SL-Class,5/16/2023,7/28/2025,516.12,Geico,555555555
78,Volkswagen,Fox,11/8/2023,11/29/2025,514.8,State Farm,987654321
79,Chrysler,Crossfire,10/2/2023,6/2/2025,646.68,Progressive,555555555
80,GMC,3500 Club Coupe,7/19/2023,5/21/2025,671.18,State Farm,987654321
81,Scion,xB,5/15/2023,4/20/2025,895.75,State Farm,987654321
82,Dodge,Ram 1500,7/13/2023,11/8/2025,413.59,Progressive,123456789
83,Aston Martin,DB9,9/14/2023,1/13/2025,453.24,State Farm,987654321
84,Pontiac,Grand Prix,12/15/2023,6/30/2025,257.67,State Farm,123456789
85,Saab,9-5,12/2/2023,1/30/2025,632.84,State Farm,987654321
86,Mercury,Mariner,4/18/2023,6/30/2025,522.25,State Farm,555555555
87,Mercedes-Benz,W201,9/18/2023,11/14/2025,348.49,Geico,123456789
88,Pontiac,Grand Am,11/25/2023,10/17/2025,903.61,Geico,555555555
89,Isuzu,Axiom,12/25/2023,7/14/2025,338.48,Geico,987654321
90,Ford,Thunderbird,6/22/2023,12/17/2025,555.2,Geico,123456789
91,Maserati,GranTurismo,5/20/2023,12/28/2025,690.49,Progressive,987654321
92,Dodge,Ram 1500 Club,11/20/2023,8/31/2025,631.77,State Farm,987654321
93,Mazda,RX-8,8/14/2023,9/14/2025,773.48,Geico,555555555
94,Audi,100,8/21/2023,12/17/2025,559.39,Geico,987654321
95,BMW,3 Series,6/8/2023,6/6/2025,543.97,Geico,123456789
96,Mitsubishi,Chariot,5/24/2023,5/18/2025,996.87,State Farm,555555555
97,Ford,Bronco,9/20/2023,12/5/2025,851.47,Progressive,987654321
98,Audi,90,6/22/2023,2/17/2025,272.02,Progressive,555555555
99,Scion,xA,11/7/2023,12/4/2025,930.59,Geico,987654321
100,Chevrolet,Suburban 2500,3/19/2023,3/8/2025,234.88,Progressive,123456789
101,Chrysler,Town & Country,10/15/2023,6/3/2025,366.07,State Farm,555555555
102,Acura,RL,7/21/2023,3/28/2025,796.98,State Farm,987654321
103,Nissan,350Z,3/21/2023,1/25/2025,349.86,Geico,123456789
104,Chevrolet,Corvette,10/16/2023,5/7/2025,288.63,Progressive,123456789
105,Volkswagen,Tiguan,6/20/2023,7/9/2025,928.95,State Farm,987654321
106,Toyota,Avalon,6/28/2023,10/9/2025,904.88,Progressive,123456789
107,Chevrolet,Camaro,12/30/2023,4/26/2025,127.65,Geico,555555555
108,Audi,A3,5/29/2023,11/7/2025,806.13,Geico,987654321
109,Audi,5000CS,9/24/2023,6/27/2025,938.41,Progressive,987654321
110,Infiniti,Q,8/5/2023,9/30/2025,320.74,Progressive,123456789
111,Saab,9-5,8/28/2023,9/26/2025,367.26,Progressive,555555555
112,Isuzu,i-Series,8/25/2023,11/13/2025,434.9,State Farm,987654321
113,Saab,900,6/21/2023,11/19/2025,468.38,Progressive,555555555
114,Infiniti,G,5/27/2023,8/19/2025,356.57,Geico,987654321
115,Hyundai,Sonata,3/26/2023,3/21/2025,649.83,Geico,123456789
116,Mitsubishi,Starion,8/15/2023,5/3/2025,461.19,Geico,555555555
117,Volvo,S40,3/8/2023,6/4/2025,633.17,State Farm,555555555
118,Plymouth,Grand Voyager,3/17/2023,5/24/2025,308.14,Progressive,987654321
119,Mitsubishi,RVR,5/29/2023,8/28/2025,977.26,Geico,987654321
120,Kia,Amanti,8/14/2023,6/19/2025,377.08,Progressive,555555555
121,Lexus,GS,8/21/2023,9/29/2025,985.37,State Farm,123456789
122,Plymouth,Acclaim,12/14/2023,6/2/2025,492.06,Progressive,555555555
123,Mazda,Miata MX-5,10/23/2023,10/10/2025,668.95,Progressive,555555555
124,Volkswagen,Phaeton,2/14/2023,8/10/2025,175.63,State Farm,555555555
125,Chevrolet,Express 3500,3/13/2023,12/2/2025,920.16,Progressive,555555555
126,Chevrolet,Tracker,5/28/2023,9/5/2025,958.19,Geico,555555555
127,Acura,TL,5/6/2023,9/4/2025,243.29,State Farm,987654321
128,Pontiac,Sunfire,9/23/2023,3/21/2025,365.35,Progressive,555555555
129,Ford,Freestyle,4/28/2023,9/21/2025,814.38,Geico,987654321
130,GMC,Suburban 1500,6/10/2023,9/15/2025,396.8,State Farm,123456789
131,Toyota,Tacoma,1/2/2023,5/27/2025,390.24,Progressive,123456789
132,Ford,Thunderbird,4/1/2023,9/29/2025,825.68,State Farm,555555555
133,GMC,Sonoma,11/7/2023,1/8/2025,165.28,State Farm,987654321
134,Mercury,Mountaineer,8/15/2023,7/20/2025,760.93,Geico,555555555
135,Ford,Contour,10/15/2023,10/7/2025,461.91,Progressive,123456789
136,Oldsmobile,Cutlass Cruiser,4/26/2023,7/16/2025,853.64,State Farm,987654321
137,Chevrolet,Camaro,4/8/2023,6/6/2025,633.85,State Farm,123456789
138,Ford,Thunderbird,7/19/2023,12/7/2025,447.91,State Farm,987654321
139,Infiniti,QX,5/27/2023,9/3/2025,384.86,State Farm,123456789
140,Lexus,IS,9/15/2023,5/30/2025,682.91,Geico,555555555
141,Chevrolet,Cavalier,9/22/2023,1/24/2025,923.01,State Farm,555555555
142,Dodge,Charger,12/19/2023,3/1/2025,819.25,Geico,123456789
143,Ford,Econoline E250,5/30/2023,7/22/2025,151.69,State Farm,123456789
144,Suzuki,Daewoo Lacetti,4/13/2023,12/12/2025,584.83,State Farm,123456789
145,Mitsubishi,Cordia,7/27/2023,8/1/2025,264.14,Progressive,555555555
146,Ford,Aerostar,1/20/2023,12/29/2025,873.28,Geico,555555555
147,Land Rover,Range Rover,3/9/2023,10/4/2025,681.34,Progressive,123456789
148,Lexus,LS Hybrid,3/30/2023,10/15/2025,894.93,State Farm,123456789
149,Land Rover,Freelander,7/21/2023,12/23/2025,325.21,Progressive,555555555
150,Toyota,Highlander,8/20/2023,8/18/2025,452.63,Geico,123456789
151,Land Rover,Discovery,9/15/2023,7/21/2025,533.73,Progressive,555555555
152,GMC,Yukon,5/26/2023,4/20/2025,826.81,Geico,987654321
153,Dodge,Caravan,9/6/2023,2/26/2025,842.03,Geico,987654321
154,Honda,Fit,3/3/2023,10/31/2025,654.57,State Farm,555555555
155,Lincoln,Aviator,12/24/2023,10/27/2025,140.07,Geico,123456789
156,Isuzu,Ascender,6/3/2023,4/21/2025,902.88,State Farm,123456789
157,Pontiac,G5,5/31/2023,10/27/2025,575.84,Progressive,123456789
158,Saturn,Sky,8/3/2023,7/24/2025,549.92,Geico,555555555
159,Pontiac,Grand Am,3/20/2023,2/24/2025,534.92,Progressive,987654321
160,BMW,5 Series,8/17/2023,7/10/2025,457.83,State Farm,123456789
161,Mercedes-Benz,S-Class,10/30/2023,9/28/2025,254.0,Geico,123456789
162,Nissan,Pathfinder,8/30/2023,7/24/2025,631.63,State Farm,987654321
163,GMC,3500,5/4/2023,8/22/2025,150.31,Progressive,987654321
164,Ford,E150,10/24/2023,7/22/2025,197.4,Progressive,555555555
165,Aston Martin,Virage,4/20/2023,7/9/2025,923.51,State Farm,123456789
166,Cadillac,Catera,1/2/2023,4/17/2025,427.5,Geico,123456789
167,Chevrolet,Silverado 1500,10/21/2023,6/3/2025,109.4,Progressive,123456789
168,Mazda,MX-5,8/6/2023,6/1/2025,636.29,Geico,123456789
169,Ford,F-350 Super Duty,8/27/2023,6/9/2025,220.92,Progressive,987654321
170,Volkswagen,Golf,6/24/2023,9/11/2025,785.92,Progressive,555555555
171,Infiniti,G25,8/15/2023,7/15/2025,761.37,Geico,987654321
172,Mitsubishi,Galant,2/27/2023,8/2/2025,822.16,Geico,123456789
173,Buick,Lucerne,10/6/2023,8/9/2025,694.82,Geico,123456789
174,Pontiac,Grand Prix,3/4/2023,10/1/2025,483.95,State Farm,555555555
175,Audi,RS 6,1/6/2023,4/8/2025,148.59,Geico,123456789
176,Volvo,S80,8/14/2023,1/30/2025,577.64,Geico,555555555
177,Acura,TSX,2/24/2023,1/21/2025,926.64,State Farm,987654321
178,GMC,Yukon XL 2500,7/23/2023,9/29/2025,951.96,Geico,987654321
179,Acura,RL,9/20/2023,9/14/2025,323.15,Progressive,123456789
180,Mazda,RX-8,10/9/2023,5/4/2025,582.46,Progressive,555555555
181,Nissan,370Z,6/22/2023,7/2/2025,846.47,State Farm,555555555
182,Hyundai,Veracruz,6/17/2023,7/11/2025,646.82,State Farm,987654321
183,Ford,Transit Connect,9/22/2023,1/12/2025,236.13,Progressive,555555555
184,Saturn,L-Series,7/14/2023,12/8/2025,664.34,Geico,987654321
185,Ford,Edge,1/6/2023,8/17/2025,258.61,Progressive,987654321
186,Chevrolet,Corvette,3/7/2023,4/19/2025,632.84,State Farm,123456789
187,Lotus,Exige,2/9/2023,2/21/2025,594.12,State Farm,555555555
188,Lexus,LX,6/5/2023,1/22/2025,901.05,Geico,987654321
189,Toyota,Sequoia,3/23/2023,10/14/2025,583.9,Progressive,987654321
190,Chevrolet,Impala,11/26/2023,6/16/2025,775.61,Progressive,987654321
191,Audi,A6,7/30/2023,8/20/2025,239.34,Progressive,987654321
192,Mazda,Navajo,9/21/2023,4/12/2025,606.19,Progressive,555555555
193,Tesla,Roadster,1/26/2023,11/30/2025,788.0,Progressive,987654321
194,Lexus,LS,3/30/2023,2/14/2025,134.71,State Farm,555555555
195,Toyota,Prius,11/8/2023,4/19/2025,884.76,State Farm,987654321
196,BMW,Alpina B7,12/28/2023,4/30/2025,973.52,Progressive,555555555
197,Jeep,Liberty,4/7/2023,5/5/2025,513.41,Progressive,123456789
198,Mazda,Protege,5/19/2023,12/14/2025,884.7,Geico,123456789
199,Ford,E250,12/13/2023,6/9/2025,305.14,Geico,555555555
200,Rolls-Royce,Phantom,2/6/2023,3/4/2025,866.35,State Farm,987654321
201,Fiat,500,5/4/2023,5/20/2025,545.75,State Farm,987654321
202,Chevrolet,Prizm,11/15/2023,12/2/2025,909.27,Progressive,987654321
203,Land Rover,Range Rover Sport,10/9/2023,10/14/2025,388.87,Progressive,555555555
204,Porsche,928,6/30/2023,1/16/2025,992.61,Geico,987654321
205,Chrysler,200,3/8/2023,4/18/2025,502.42,State Farm,123456789
206,Honda,CR-V,12/3/2023,1/8/2025,968.26,State Farm,987654321
207,Mercury,Mountaineer,1/27/2023,9/23/2025,800.61,State Farm,123456789
208,Geo,Metro,12/19/2023,12/1/2025,423.93,Geico,123456789
209,Buick,Estate,7/28/2023,6/8/2025,661.6,Geico,987654321
210,Oldsmobile,Bravada,1/13/2023,9/6/2025,552.09,State Farm,123456789
211,Dodge,Caravan,1/27/2023,10/11/2025,554.68,Geico,555555555
212,Chrysler,Fifth Ave,7/27/2023,3/1/2025,321.01,Geico,987654321
213,Pontiac,Grand Am,9/20/2023,3/4/2025,856.2,State Farm,987654321
214,Mazda,929,5/23/2023,11/17/2025,469.53,State Farm,987654321
215,Toyota,Tacoma Xtra,4/9/2023,6/5/2025,609.7,State Farm,987654321
216,Oldsmobile,Toronado,7/15/2023,3/13/2025,676.35,Progressive,987654321
217,Chrysler,300M,9/9/2023,12/13/2025,573.12,State Farm,555555555
218,Chevrolet,Cavalier,8/24/2023,3/29/2025,269.84,Geico,123456789
219,Volkswagen,Jetta,3/18/2023,3/13/2025,996.38,State Farm,987654321
220,Honda,Accord,7/29/2023,1/30/2025,873.04,Progressive,555555555
221,Suzuki,Forenza,3/23/2023,5/27/2025,329.62,Progressive,555555555
222,Pontiac,Firebird,4/21/2023,8/1/2025,175.69,State Farm,123456789
223,Toyota,Solara,7/7/2023,9/11/2025,183.0,Progressive,555555555
224,GMC,Acadia,6/29/2023,10/21/2025,189.79,Geico,123456789
225,Pontiac,Bonneville,3/18/2023,4/25/2025,245.48,Progressive,987654321
226,Lincoln,Navigator,8/15/2023,10/24/2025,554.07,Progressive,987654321
227,GMC,Yukon,10/16/2023,6/23/2025,399.62,Geico,555555555
228,Toyota,Camry,12/10/2023,3/9/2025,809.82,State Farm,555555555
229,Toyota,Cressida,2/14/2023,8/31/2025,277.0,Geico,987654321
230,Pontiac,Montana,2/25/2023,10/24/2025,682.96,Geico,555555555
231,Volkswagen,GTI,9/9/2023,3/21/2025,433.22,Progressive,555555555
232,Chevrolet,Suburban 2500,1/26/2023,2/14/2025,473.68,Geico,987654321
233,Chevrolet,Express,7/26/2023,7/29/2025,542.35,State Farm,987654321
234,Audi,A3,4/11/2023,3/25/2025,561.71,Geico,123456789
235,Chrysler,Voyager,7/3/2023,7/21/2025,646.94,Geico,555555555
236,Ford,Focus,5/5/2023,11/3/2025,900.56,Progressive,987654321
237,Jeep,Grand Cherokee,11/13/2023,4/1/2025,255.07,State Farm,555555555
238,Nissan,Pathfinder,4/15/2023,12/29/2025,594.92,Progressive,123456789
239,Honda,Odyssey,1/16/2023,4/18/2025,404.39,Progressive,987654321
240,Ford,Crown Victoria,8/8/2023,9/26/2025,525.09,State Farm,555555555
241,Cadillac,Escalade EXT,6/7/2023,3/30/2025,854.1,State Farm,123456789
242,Chevrolet,Suburban,1/5/2023,12/4/2025,999.06,State Farm,555555555
243,Dodge,Caravan,10/28/2023,3/7/2025,335.69,Progressive,987654321
244,Acura,NSX,12/6/2023,7/17/2025,965.46,State Farm,123456789
245,Chevrolet,Corvette,7/17/2023,3/12/2025,455.24,Progressive,555555555
246,Mercedes-Benz,E-Class,9/10/2023,2/9/2025,307.6,State Farm,987654321
247,Ford,Courier,11/27/2023,11/5/2025,946.73,Geico,123456789
248,GMC,Savana,9/13/2023,11/4/2025,704.4,Geico,987654321
249,Dodge,Ram Van 3500,2/8/2023,8/20/2025,378.85,Geico,987654321
250,Mercury,Tracer,8/29/2023,4/15/2025,458.06,Progressive,123456789
251,Land Rover,Range Rover,6/23/2023,11/27/2025,560.62,Progressive,555555555
252,Suzuki,Aerio,2/27/2023,7/12/2025,362.31,State Farm,987654321
253,Chevrolet,Avalanche,8/12/2023,9/6/2025,134.34,Progressive,987654321
254,Ford,Club Wagon,6/9/2023,7/21/2025,893.4,Geico,555555555
255,Jaguar,XJ Series,5/20/2023,4/23/2025,658.8,State Farm,123456789
256,Kia,Sephia,10/31/2023,7/18/2025,414.42,Progressive,555555555
257,Mercury,Marquis,1/15/2023,12/3/2025,964.33,State Farm,555555555
258,Toyota,Corolla,5/20/2023,6/13/2025,712.43,State Farm,123456789
259,Chrysler,Town & Country,2/15/2023,3/31/2025,625.51,Geico,987654321
260,Chevrolet,Lumina,6/12/2023,6/9/2025,237.42,Geico,123456789
261,Ford,E-350 Super Duty Van,9/23/2023,9/11/2025,206.22,Geico,555555555
262,Toyota,Camry,9/28/2023,10/10/2025,227.07,Progressive,987654321
263,Mercedes-Benz,S-Class,8/19/2023,10/31/2025,623.88,Geico,123456789
264,Mazda,929,12/26/2023,5/16/2025,377.35,State Farm,555555555
265,Jaguar,X-Type,6/7/2023,11/24/2025,377.95,Progressive,987654321
266,Dodge,Dakota Club,12/19/2023,2/5/2025,494.99,Progressive,123456789
267,Mazda,MX-3,9/4/2023,11/9/2025,672.1,Geico,555555555
268,Chrysler,300M,12/23/2023,2/16/2025,314.26,Geico,555555555
269,GMC,1500 Club Coupe,3/14/2023,9/20/2025,305.81,State Farm,123456789
270,Plymouth,Laser,10/31/2023,12/8/2025,862.74,Geico,987654321
271,Chevrolet,Corvette,3/26/2023,5/8/2025,506.95,Geico,123456789
272,Chrysler,Town & Country,1/31/2023,4/19/2025,664.54,Geico,555555555
273,Ford,Probe,8/20/2023,10/12/2025,397.03,State Farm,123456789
274,Buick,Riviera,11/15/2023,4/12/2025,871.09,Progressive,123456789
275,Dodge,Viper,8/17/2023,2/6/2025,520.88,Geico,987654321
276,Mazda,Mazdaspeed6,9/26/2023,11/11/2025,462.29,Geico,555555555
277,Lexus,IS,6/6/2023,4/4/2025,126.19,Geico,123456789
278,Chevrolet,Camaro,8/24/2023,11/11/2025,530.77,State Farm,123456789
279,Subaru,Leone,11/29/2023,1/6/2025,773.33,Progressive,123456789
280,Ford,Courier,9/4/2023,9/21/2025,144.93,State Farm,555555555
281,Hyundai,Elantra,4/24/2023,8/15/2025,425.06,State Farm,555555555
282,Mazda,MX-3,12/30/2023,5/20/2025,729.68,State Farm,555555555
283,Toyota,Paseo,10/4/2023,6/27/2025,843.75,State Farm,987654321
284,BMW,7 Series,8/7/2023,10/4/2025,775.37,State Farm,987654321
285,Mercedes-Benz,M-Class,4/21/2023,11/5/2025,321.22,Geico,987654321
286,Cadillac,Escalade EXT,3/26/2023,3/24/2025,529.7,State Farm,987654321
287,Volkswagen,Eurovan,2/16/2023,8/23/2025,126.88,Progressive,123456789
288,Infiniti,G,2/24/2023,5/20/2025,382.6,Progressive,987654321
289,Dodge,D250 Club,8/6/2023,6/7/2025,965.97,Geico,987654321
290,Lincoln,Navigator,12/10/2023,11/1/2025,600.29,State Farm,123456789
291,Toyota,Camry,2/10/2023,8/15/2025,826.41,Geico,123456789
292,Mitsubishi,GTO,10/29/2023,6/30/2025,691.98,State Farm,123456789
293,Acura,RL,10/21/2023,5/21/2025,425.72,Geico,555555555
294,Buick,Regal,9/11/2023,7/15/2025,752.77,Geico,555555555
295,Lexus,RX,11/27/2023,8/22/2025,929.84,Geico,987654321
296,BMW,530,3/10/2023,2/8/2025,585.68,Progressive,987654321
297,Volkswagen,Jetta,8/8/2023,10/23/2025,946.02,State Farm,555555555
298,Audi,Coupe Quattro,7/13/2023,7/2/2025,657.09,Progressive,555555555
299,Maybach,62,8/10/2023,7/31/2025,970.64,Geico,555555555
300,Toyota,Land Cruiser,6/15/2023,10/12/2025,980.95,Geico,555555555
301,Hyundai,Santa Fe,9/22/2023,7/25/2025,127.16,Geico,123456789
302,Ford,F-350 Super Duty,2/19/2023,11/14/2025,867.74,Geico,987654321
303,Audi,RS4,4/23/2023,2/25/2025,820.63,State Farm,123456789
304,Volvo,S80,8/23/2023,6/30/2025,551.76,Geico,555555555
305,Mitsubishi,Galant,9/9/2023,12/1/2025,462.89,Progressive,555555555
306,Scion,tC,11/20/2023,11/28/2025,964.09,Geico,987654321
307,Chevrolet,Silverado 2500,11/19/2023,10/26/2025,833.55,Geico,123456789
308,Ford,Festiva,11/20/2023,2/28/2025,345.99,State Farm,987654321
309,Toyota,Tundra,6/1/2023,3/12/2025,675.87,Geico,987654321
310,Ford,Ranger,10/1/2023,7/24/2025,883.45,Progressive,987654321
311,Saturn,VUE,11/13/2023,12/11/2025,452.68,Geico,555555555
312,Pontiac,Grand Am,9/11/2023,10/19/2025,258.64,Progressive,555555555
313,Ford,Taurus,7/12/2023,7/6/2025,232.76,Geico,987654321
314,Ford,E150,4/19/2023,9/13/2025,443.29,Progressive,123456789
315,Toyota,Highlander,1/3/2023,8/19/2025,687.4,Geico,123456789
316,Mitsubishi,Starion,11/23/2023,6/6/2025,161.17,Geico,987654321
317,Mitsubishi,Galant,6/17/2023,8/21/2025,685.42,Progressive,987654321
318,Toyota,Sequoia,9/19/2023,3/20/2025,550.75,Progressive,987654321
319,Chevrolet,Sportvan G10,1/8/2023,1/11/2025,980.27,Progressive,123456789
320,Dodge,Ram 3500,7/13/2023,6/1/2025,866.56,Geico,555555555
321,Kia,Sportage,11/2/2023,7/11/2025,289.06,Progressive,123456789
322,Chevrolet,Blazer,6/2/2023,8/21/2025,903.89,Progressive,555555555
323,Acura,RDX,10/14/2023,7/13/2025,129.58,State Farm,123456789
324,Chevrolet,Beretta,3/10/2023,6/10/2025,843.28,Geico,123456789
325,Saab,900,3/26/2023,12/3/2025,508.87,State Farm,123456789
326,Ford,Explorer,2/25/2023,8/29/2025,505.56,Geico,987654321
327,Ford,Ranger,9/7/2023,5/24/2025,178.09,Geico,555555555
328,GMC,Rally Wagon G2500,1/28/2023,4/12/2025,498.76,Progressive,555555555
329,Dodge,Charger,4/2/2023,11/8/2025,696.87,Progressive,123456789
330,Mercedes-Benz,G-Class,3/14/2023,5/29/2025,196.68,State Farm,555555555
331,Pontiac,GTO,7/14/2023,12/30/2025,254.21,State Farm,987654321
332,Ford,Edge,9/9/2023,10/26/2025,294.7,State Farm,987654321
333,Hyundai,Equus,11/7/2023,3/18/2025,422.97,State Farm,123456789
334,Buick,Skyhawk,5/17/2023,11/13/2025,837.67,Progressive,123456789
335,Volvo,S80,12/3/2023,7/23/2025,131.34,Geico,555555555
336,Acura,NSX,4/15/2023,12/25/2025,446.71,State Farm,987654321
337,Chrysler,Town & Country,9/4/2023,1/14/2025,782.22,Geico,987654321
338,Dodge,Neon,10/13/2023,4/11/2025,759.89,Progressive,123456789
339,Buick,LeSabre,1/29/2023,7/12/2025,956.89,Progressive,123456789
340,Ford,F250,6/12/2023,5/10/2025,499.09,State Farm,987654321
341,Chevrolet,Silverado 1500,7/6/2023,5/6/2025,331.83,State Farm,987654321
342,Mazda,Familia,6/24/2023,6/13/2025,498.95,Geico,555555555
343,Lexus,IS-F,8/14/2023,5/22/2025,805.52,State Farm,555555555
344,Buick,Century,12/4/2023,5/30/2025,258.52,Geico,555555555
345,Plymouth,Voyager,7/31/2023,8/10/2025,344.21,Progressive,123456789
346,Ford,Bronco II,4/7/2023,11/30/2025,876.51,Progressive,555555555
347,Chrysler,Concorde,10/10/2023,7/5/2025,214.62,State Farm,987654321
348,Acura,ZDX,11/16/2023,4/10/2025,949.53,State Farm,123456789
349,Kia,Optima,10/23/2023,1/16/2025,240.09,Geico,987654321
350,GMC,1500 Club Coupe,5/7/2023,7/17/2025,903.45,Progressive,555555555
351,Subaru,Legacy,11/4/2023,6/5/2025,187.21,Progressive,987654321
352,Cadillac,Seville,4/23/2023,7/13/2025,781.89,Progressive,123456789
353,Ford,E150,10/21/2023,7/3/2025,916.44,Geico,987654321
354,Mercury,Cougar,4/27/2023,11/12/2025,527.13,Geico,987654321
355,Chevrolet,Sportvan G10,1/17/2023,10/20/2025,969.01,Progressive,555555555
356,Volkswagen,Golf,8/7/2023,9/20/2025,790.15,Progressive,987654321
357,Land Rover,Discovery,2/17/2023,4/2/2025,397.07,State Farm,555555555
358,Oldsmobile,88,3/4/2023,9/25/2025,599.68,Geico,123456789
359,Dodge,Ram Van 2500,10/16/2023,1/7/2025,905.91,Geico,555555555
360,Buick,Regal,8/3/2023,5/25/2025,636.07,State Farm,123456789
361,Pontiac,Torrent,5/27/2023,11/25/2025,418.54,Progressive,555555555
362,Plymouth,Sundance,5/20/2023,3/4/2025,758.48,Progressive,123456789
363,Honda,Civic,2/28/2023,12/14/2025,513.74,State Farm,987654321
364,Mazda,B-Series,11/26/2023,3/31/2025,174.5,Geico,555555555
365,Honda,CR-V,8/16/2023,4/24/2025,377.51,Progressive,555555555
366,Pontiac,Trans Sport,11/5/2023,12/23/2025,606.34,State Farm,555555555
367,Mazda,Miata MX-5,4/28/2023,3/12/2025,588.33,Geico,555555555
368,Mercury,Topaz,6/10/2023,4/19/2025,982.65,State Farm,123456789
369,Volvo,C70,1/29/2023,3/31/2025,530.66,Progressive,987654321
370,Toyota,TundraMax,5/31/2023,10/27/2025,667.38,Geico,987654321
371,GMC,Savana 3500,11/26/2023,10/2/2025,202.42,State Farm,123456789
372,Honda,del Sol,3/14/2023,7/9/2025,333.98,Geico,987654321
373,Lincoln,Town Car,12/1/2023,3/31/2025,875.33,State Farm,555555555
374,Nissan,Frontier,8/30/2023,2/16/2025,812.73,State Farm,123456789
375,Mercury,Tracer,3/22/2023,6/7/2025,813.06,Progressive,123456789
376,Volkswagen,Passat,9/16/2023,2/23/2025,895.95,State Farm,987654321
377,BMW,5 Series,12/12/2023,1/30/2025,956.66,State Farm,987654321
378,Hyundai,XG350,11/6/2023,11/15/2025,326.75,Progressive,555555555
379,Hyundai,Santa Fe,5/5/2023,4/29/2025,737.09,Progressive,987654321
380,Mercury,Topaz,7/30/2023,1/19/2025,407.43,Progressive,123456789
381,Cadillac,Seville,9/29/2023,7/18/2025,887.32,State Farm,123456789
382,Ford,Ranger,5/5/2023,7/12/2025,790.84,Progressive,123456789
383,Volvo,C70,5/17/2023,9/15/2025,556.41,Progressive,123456789
384,Lexus,ES,7/7/2023,7/17/2025,492.17,Geico,123456789
385,Toyota,RAV4,9/12/2023,3/11/2025,757.43,Geico,987654321
386,Mazda,626,8/27/2023,7/2/2025,840.33,Geico,555555555
387,MINI,Clubman,12/13/2023,7/4/2025,648.48,State Farm,555555555
388,Nissan,370Z,8/25/2023,9/11/2025,182.51,Progressive,987654321
389,Mercedes-Benz,SLR McLaren,7/12/2023,7/5/2025,459.54,Progressive,555555555
390,Toyota,Celica,5/28/2023,12/16/2025,729.29,State Farm,987654321
391,GMC,Acadia,12/18/2023,5/24/2025,259.28,State Farm,987654321
392,Suzuki,Grand Vitara,5/3/2023,12/19/2025,116.37,Geico,987654321
393,Lincoln,MKX,10/24/2023,9/15/2025,926.2,Geico,555555555
394,Saturn,Aura,3/15/2023,10/15/2025,843.04,Progressive,123456789
395,Chrysler,Voyager,6/25/2023,3/30/2025,664.73,Geico,123456789
396,Honda,Accord,9/6/2023,2/22/2025,370.71,Geico,555555555
397,Dodge,Charger,7/8/2023,8/30/2025,667.23,Progressive,987654321
398,Buick,Coachbuilder,5/30/2023,4/24/2025,863.18,State Farm,987654321
399,Porsche,Carrera GT,2/22/2023,9/28/2025,359.75,Progressive,123456789
400,Honda,CR-V,9/16/2023,6/19/2025,713.27,Geico,555555555
401,Mitsubishi,Montero,2/10/2023,9/30/2025,962.71,Progressive,987654321
402,Jeep,Wrangler,10/14/2023,4/15/2025,168.86,State Farm,987654321
403,Chevrolet,Silverado 2500,10/22/2023,1/4/2025,836.32,Geico,987654321
404,Chevrolet,Avalanche 2500,1/9/2023,7/28/2025,587.51,State Farm,987654321
405,MINI,Cooper Clubman,2/19/2023,10/12/2025,916.25,State Farm,123456789
406,Mazda,Mazdaspeed 3,12/19/2023,2/20/2025,268.14,Geico,123456789
407,Audi,Coupe GT,10/15/2023,10/4/2025,404.23,Progressive,123456789
408,Alfa Romeo,164,11/22/2023,3/20/2025,721.41,Progressive,555555555
409,Plymouth,Voyager,7/13/2023,10/14/2025,271.39,Progressive,987654321
410,Toyota,Highlander Hybrid,11/12/2023,12/5/2025,242.02,State Farm,987654321
411,Cadillac,Escalade ESV,9/8/2023,1/11/2025,700.66,Geico,987654321
412,Ford,F150,6/8/2023,11/14/2025,564.62,Geico,555555555
413,Mitsubishi,Expo LRV,8/19/2023,8/20/2025,511.08,State Farm,555555555
414,Aston Martin,DB9,9/11/2023,7/21/2025,621.75,Progressive,123456789
415,Pontiac,Grand Prix,1/13/2023,4/6/2025,560.71,Progressive,987654321
416,Mitsubishi,Eclipse,12/18/2023,4/11/2025,924.96,Progressive,123456789
417,Honda,S2000,7/30/2023,11/21/2025,831.7,Geico,555555555
418,Suzuki,XL7,9/7/2023,1/1/2025,638.98,Progressive,123456789
419,Mitsubishi,Outlander,7/18/2023,6/20/2025,439.91,Progressive,123456789
420,Lexus,GS,3/16/2023,5/11/2025,973.86,Geico,987654321
421,Cadillac,DeVille,7/14/2023,8/12/2025,559.35,Progressive,123456789
422,Ford,Aerostar,10/27/2023,4/1/2025,408.26,Geico,123456789
423,Volvo,S80,4/28/2023,11/10/2025,984.39,State Farm,987654321
424,Honda,Civic Si,7/14/2023,5/26/2025,171.37,State Farm,555555555
425,Dodge,Charger,8/2/2023,3/24/2025,460.36,State Farm,555555555
426,Infiniti,Q,7/18/2023,3/16/2025,313.38,State Farm,123456789
427,Isuzu,Hombre,5/18/2023,1/21/2025,628.18,Geico,987654321
428,Volvo,S70,9/27/2023,7/7/2025,964.33,Geico,555555555
429,Honda,S2000,6/13/2023,5/4/2025,611.8,State Farm,123456789
430,Subaru,Impreza WRX,7/5/2023,7/8/2025,101.69,State Farm,555555555
431,Porsche,928,4/18/2023,1/4/2025,719.88,State Farm,987654321
432,Mitsubishi,Mirage,1/11/2023,12/26/2025,247.0,Geico,555555555
433,Mercury,Grand Marquis,3/19/2023,2/12/2025,444.77,Geico,987654321
434,Hyundai,Sonata,9/15/2023,8/22/2025,619.36,Progressive,555555555
435,Dodge,Ram 2500,8/15/2023,10/14/2025,714.76,Geico,555555555
436,Mazda,Mazda2,4/19/2023,1/16/2025,241.9,State Farm,987654321
437,Nissan,Xterra,4/23/2023,1/17/2025,636.28,Progressive,123456789
438,Buick,Roadmaster,10/26/2023,9/11/2025,553.19,State Farm,555555555
439,Volkswagen,Passat,8/10/2023,7/18/2025,863.61,Geico,987654321
440,Suzuki,Swift,7/25/2023,1/10/2025,605.81,Geico,123456789
441,Volkswagen,GTI,8/3/2023,5/5/2025,936.71,State Farm,123456789
442,Dodge,Caliber,12/20/2023,11/8/2025,615.59,State Farm,987654321
443,Honda,CR-V,3/28/2023,10/8/2025,942.37,State Farm,123456789
444,Ford,F-Series,7/7/2023,6/12/2025,629.67,Progressive,555555555
445,Ford,F350,6/16/2023,12/6/2025,584.27,Progressive,123456789
446,Ford,Focus,9/19/2023,7/9/2025,197.11,State Farm,555555555
447,Lamborghini,Murciélago,8/19/2023,1/23/2025,223.0,Progressive,555555555
448,BMW,M5,1/17/2023,2/16/2025,925.57,State Farm,123456789
449,Dodge,Intrepid,7/19/2023,2/15/2025,693.07,State Farm,987654321
450,Dodge,Ram 1500 Club,1/1/2023,5/11/2025,598.38,Geico,555555555
451,Honda,Civic,9/20/2023,3/1/2025,867.12,Progressive,987654321
452,Dodge,Nitro,4/3/2023,9/28/2025,135.09,Progressive,555555555
453,Mercedes-Benz,E-Class,10/27/2023,12/10/2025,884.14,State Farm,123456789
454,Ford,F350,7/19/2023,7/23/2025,876.41,State Farm,987654321
455,Nissan,Pathfinder,9/20/2023,12/13/2025,897.26,Geico,555555555
456,Mazda,Protege,2/23/2023,6/15/2025,991.56,State Farm,555555555
457,Audi,Coupe Quattro,8/15/2023,9/1/2025,817.41,Geico,987654321
458,Pontiac,Chevette,4/26/2023,5/11/2025,215.83,Progressive,987654321
459,Chrysler,Sebring,12/26/2023,3/26/2025,465.1,State Farm,987654321
460,Isuzu,VehiCROSS,7/24/2023,9/29/2025,252.72,Progressive,123456789
461,Chevrolet,Suburban 1500,7/10/2023,7/19/2025,695.3,State Farm,987654321
462,Toyota,Celica,12/29/2023,8/15/2025,674.9,State Farm,123456789
463,Mazda,323,4/24/2023,10/17/2025,410.27,Progressive,987654321
464,Hyundai,Sonata,6/20/2023,5/27/2025,687.83,State Farm,123456789
465,Toyota,Camry Hybrid,10/2/2023,11/17/2025,469.54,Progressive,555555555
466,Isuzu,Rodeo Sport,10/22/2023,10/13/2025,895.29,State Farm,123456789
467,Mercury,Mountaineer,10/3/2023,12/12/2025,672.01,Progressive,987654321
468,Audi,S8,9/16/2023,10/15/2025,423.68,Geico,555555555
469,Toyota,Avalon,9/26/2023,3/1/2025,526.92,Geico,123456789
470,Honda,CR-V,1/20/2023,1/9/2025,313.11,Progressive,987654321
471,Chrysler,Sebring,8/16/2023,2/23/2025,870.21,State Farm,555555555
472,Scion,xB,7/20/2023,11/10/2025,444.63,State Farm,987654321
473,Volkswagen,Vanagon,7/2/2023,11/20/2025,335.81,Progressive,123456789
474,Rolls-Royce,Phantom,7/21/2023,11/9/2025,622.58,Progressive,555555555
475,Land Rover,Range Rover,11/2/2023,7/24/2025,676.17,Progressive,123456789
476,Dodge,Dakota Club,5/29/2023,6/23/2025,151.84,Geico,555555555
477,Chevrolet,1500,1/15/2023,10/6/2025,295.96,Progressive,987654321
478,Cadillac,STS-V,10/16/2023,3/28/2025,897.39,Progressive,123456789
479,BMW,M5,5/29/2023,11/21/2025,470.41,Geico,987654321
480,Volkswagen,Touareg 2,9/11/2023,9/30/2025,719.94,Geico,555555555
481,Chevrolet,HHR,11/23/2023,3/13/2025,138.98,State Farm,987654321
482,Pontiac,Montana,4/18/2023,6/20/2025,450.96,Progressive,123456789
483,Ford,F350,9/10/2023,3/10/2025,897.38,Geico,123456789
484,Ford,Crown Victoria,6/23/2023,5/19/2025,135.53,State Farm,987654321
485,Nissan,Titan,3/26/2023,1/16/2025,565.28,State Farm,987654321
486,BMW,7 Series,11/2/2023,8/6/2025,233.43,Geico,555555555
487,Cadillac,CTS-V,7/14/2023,7/7/2025,997.16,State Farm,123456789
488,Mercedes-Benz,Sprinter 3500,9/2/2023,11/23/2025,235.6,Progressive,987654321
489,Dodge,Ram 1500 Club,6/24/2023,6/12/2025,656.07,Progressive,555555555
490,Volkswagen,Golf,5/24/2023,4/14/2025,455.11,State Farm,987654321
491,GMC,Yukon,7/6/2023,3/2/2025,551.62,State Farm,987654321
492,Morgan,Aero 8,10/6/2023,10/21/2025,738.43,Geico,987654321
493,Subaru,Forester,7/19/2023,1/7/2025,297.75,State Farm,987654321
494,Jeep,Wrangler,5/19/2023,11/30/2025,955.1,Geico,123456789
495,Lexus,LS,5/29/2023,12/7/2025,745.71,Progressive,555555555
496,Mitsubishi,Eclipse,2/24/2023,12/23/2025,863.82,State Farm,987654321
497,Aston Martin,Virage,7/18/2023,10/3/2025,722.91,Geico,555555555
498,Lotus,Esprit,12/21/2023,1/12/2025,703.09,State Farm,555555555
499,Buick,Riviera,1/31/2023,4/22/2025,609.88,State Farm,555555555
500,Lincoln,Town Car,5/24/2023,3/22/2025,159.29,Geico,987654321
501,Daewoo,Leganza,12/6/2023,10/6/2025,123.99,Geico,555555555
502,Chrysler,Fifth Ave,1/21/2023,5/13/2025,560.37,Geico,123456789
503,Volkswagen,Corrado,9/7/2023,5/23/2025,879.84,State Farm,987654321
504,Rolls-Royce,Phantom,10/26/2023,11/19/2025,953.95,Progressive,123456789
505,Dodge,D350 Club,1/2/2023,4/9/2025,753.92,State Farm,987654321
506,Lexus,ES,8/28/2023,4/24/2025,291.57,State Farm,987654321
507,Ford,E-Series,6/16/2023,12/1/2025,726.28,State Farm,555555555
508,Dodge,Intrepid,5/9/2023,8/21/2025,556.21,Progressive,123456789
509,Isuzu,Rodeo,12/17/2023,11/11/2025,301.44,Progressive,123456789
510,Nissan,Maxima,10/21/2023,9/13/2025,497.51,Geico,123456789
511,Acura,Integra,8/25/2023,12/27/2025,638.82,State Farm,555555555
512,Mazda,B-Series,5/28/2023,12/25/2025,575.04,Geico,555555555
513,Chevrolet,Sportvan G30,8/15/2023,12/10/2025,574.73,State Farm,987654321
514,GMC,Savana 1500,11/13/2023,2/8/2025,382.05,Progressive,123456789
515,Dodge,Viper,7/27/2023,10/13/2025,564.41,State Farm,555555555
516,Mercury,Mariner,7/13/2023,3/17/2025,403.02,State Farm,555555555
517,Toyota,Xtra,12/21/2023,12/14/2025,234.87,Geico,123456789
518,Acura,RL,12/18/2023,10/13/2025,251.74,Progressive,987654321
519,Mercedes-Benz,GL-Class,5/6/2023,11/20/2025,474.0,State Farm,555555555
520,Chevrolet,Colorado,12/21/2023,3/27/2025,158.72,State Farm,555555555
521,Cadillac,XLR,2/10/2023,4/15/2025,387.18,State Farm,987654321
522,GMC,Sierra 3500,9/21/2023,5/10/2025,806.57,State Farm,987654321
523,Honda,Pilot,8/9/2023,6/13/2025,445.23,Geico,555555555
524,BMW,M5,11/6/2023,4/2/2025,293.62,Progressive,123456789
525,Acura,Legend,1/29/2023,5/30/2025,967.1,Progressive,555555555
526,Ford,Thunderbird,6/12/2023,1/25/2025,536.49,State Farm,987654321
527,Audi,RS 6,8/15/2023,3/4/2025,272.43,State Farm,555555555
528,Buick,Riviera,1/1/2023,9/7/2025,941.41,State Farm,987654321
529,Hummer,H2,9/19/2023,4/18/2025,216.25,State Farm,987654321
530,Buick,Century,3/15/2023,7/29/2025,581.08,Progressive,123456789
531,Dodge,Caravan,9/10/2023,10/29/2025,567.99,State Farm,987654321
532,Hyundai,Veracruz,2/16/2023,10/27/2025,472.86,Geico,987654321
533,Hyundai,Accent,9/18/2023,7/1/2025,234.19,Progressive,555555555
534,BMW,3 Series,7/13/2023,4/26/2025,450.98,Progressive,555555555
535,BMW,5 Series,11/13/2023,8/13/2025,473.32,State Farm,987654321
536,Lincoln,Navigator,2/15/2023,10/9/2025,609.03,Geico,987654321
537,Lotus,Esprit,7/4/2023,6/7/2025,611.24,Progressive,123456789
538,Chevrolet,Cobalt SS,12/29/2023,12/30/2025,122.89,Geico,555555555
539,Kia,Soul,4/13/2023,6/13/2025,857.28,Progressive,555555555
540,GMC,Jimmy,11/9/2023,10/9/2025,943.95,State Farm,987654321
541,Dodge,Caliber,12/12/2023,1/25/2025,701.39,Geico,555555555
542,Nissan,Sentra,3/5/2023,9/4/2025,453.83,Progressive,987654321
543,Scion,tC,3/20/2023,6/3/2025,640.26,State Farm,987654321
544,Lincoln,Blackwood,8/30/2023,3/12/2025,138.79,Geico,123456789
545,Jaguar,XJ Series,10/1/2023,11/1/2025,360.51,Progressive,123456789
546,Pontiac,Firefly,8/19/2023,8/26/2025,220.46,State Farm,555555555
547,Audi,A4,3/5/2023,2/14/2025,593.29,Progressive,123456789
548,Mercedes-Benz,Sprinter 3500,2/15/2023,11/11/2025,292.43,Geico,987654321
549,Buick,LaCrosse,11/26/2023,12/9/2025,628.97,Progressive,987654321
550,Lexus,GS,8/27/2023,4/11/2025,664.5,Progressive,123456789
551,Mitsubishi,Mirage,6/20/2023,11/16/2025,333.21,Geico,123456789
552,Land Rover,Range Rover,4/12/2023,5/17/2025,115.11,Geico,987654321
553,Pontiac,1000,4/9/2023,3/14/2025,469.87,State Farm,987654321
554,Plymouth,Laser,11/26/2023,11/9/2025,105.14,State Farm,555555555
555,Ford,Taurus,6/5/2023,4/6/2025,125.73,Geico,123456789
556,Dodge,Dakota Club,7/3/2023,9/11/2025,985.32,Geico,123456789
557,GMC,Sierra 2500,4/24/2023,5/21/2025,234.06,Geico,555555555
558,Dodge,Caliber,9/8/2023,7/2/2025,433.78,Progressive,123456789
559,Mercury,Milan,10/27/2023,8/8/2025,421.83,Progressive,987654321
560,Toyota,Corolla,8/22/2023,8/24/2025,983.48,Geico,987654321
561,Hyundai,Scoupe,8/23/2023,12/15/2025,441.59,Progressive,123456789
562,Volkswagen,Eurovan,3/15/2023,3/22/2025,617.99,Geico,123456789
563,Isuzu,Hombre,7/16/2023,3/25/2025,997.44,State Farm,987654321
564,Porsche,Boxster,7/19/2023,1/5/2025,988.26,Progressive,123456789
565,Dodge,Spirit,8/26/2023,5/26/2025,529.03,Progressive,123456789
566,Ford,Bronco,6/14/2023,10/19/2025,376.29,Geico,123456789
567,Honda,Element,1/17/2023,1/10/2025,963.02,Geico,987654321
568,Dodge,D150 Club,4/25/2023,6/28/2025,906.06,Progressive,987654321
569,Ford,Laser,11/7/2023,7/3/2025,853.85,Geico,123456789
570,Audi,RS4,6/28/2023,9/8/2025,581.51,State Farm,555555555
571,Mitsubishi,GTO,3/8/2023,2/11/2025,778.99,Geico,123456789
572,Rolls-Royce,Phantom,9/9/2023,3/18/2025,181.81,Progressive,123456789
573,Chrysler,Town & Country,10/15/2023,9/26/2025,610.03,State Farm,987654321
574,Nissan,JUKE,2/1/2023,8/28/2025,411.6,State Farm,555555555
575,Mitsubishi,Challenger,8/7/2023,2/4/2025,458.43,State Farm,555555555
576,Hummer,H2,9/26/2023,3/1/2025,143.78,Progressive,123456789
577,Nissan,Maxima,11/15/2023,8/9/2025,410.91,Geico,555555555
578,Mazda,Familia,11/6/2023,8/14/2025,897.87,State Farm,123456789
579,Land Rover,Discovery Series II,1/29/2023,3/31/2025,155.77,Geico,123456789
580,Dodge,Ram 3500,10/14/2023,10/28/2025,983.69,Geico,123456789
581,Ford,Econoline E150,4/16/2023,3/5/2025,722.99,Geico,987654321
582,Austin,Mini,8/24/2023,11/28/2025,897.33,State Farm,987654321
583,Toyota,Highlander,12/28/2023,5/16/2025,838.27,Geico,123456789
584,Mercedes-Benz,E-Class,6/1/2023,10/10/2025,231.03,Geico,555555555
585,Mercury,Villager,9/20/2023,6/7/2025,615.02,Geico,555555555
586,Cadillac,Escalade,3/16/2023,1/27/2025,885.22,Progressive,555555555
587,Ford,Thunderbird,1/31/2023,11/26/2025,779.97,Progressive,555555555
588,Ford,Thunderbird,12/15/2023,6/2/2025,721.56,Progressive,123456789
589,Dodge,Durango,11/17/2023,2/3/2025,537.96,Geico,123456789
590,Land Rover,Defender Ice Edition,2/10/2023,4/11/2025,161.38,Progressive,987654321
591,Toyota,4Runner,1/11/2023,4/23/2025,599.8,Progressive,123456789
592,Volvo,XC90,1/17/2023,6/28/2025,137.86,Geico,123456789
593,Ford,Contour,2/28/2023,5/24/2025,804.71,State Farm,123456789
594,Chrysler,PT Cruiser,6/23/2023,12/19/2025,801.33,Geico,987654321
595,Land Rover,Range Rover Sport,2/27/2023,4/2/2025,660.53,State Farm,123456789
596,Hyundai,Elantra,7/10/2023,10/17/2025,242.07,State Farm,123456789
597,Acura,Integra,2/15/2023,3/2/2025,447.19,Progressive,555555555
598,Volkswagen,Phaeton,12/12/2023,3/28/2025,408.22,Geico,555555555
599,Dodge,Caravan,5/20/2023,4/9/2025,149.54,Geico,987654321
600,Buick,Electra,10/29/2023,7/25/2025,865.42,State Farm,555555555
601,Toyota,Sequoia,12/13/2023,10/26/2025,739.49,State Farm,987654321
602,Plymouth,Colt Vista,11/7/2023,1/13/2025,752.53,State Farm,987654321
603,Mazda,Mazda3,6/13/2023,3/9/2025,248.97,State Farm,123456789
604,Audi,S8,3/14/2023,12/13/2025,245.18,Progressive,123456789
605,Honda,Civic,3/8/2023,10/28/2025,580.95,Progressive,555555555
606,Chevrolet,Corvette,2/11/2023,4/29/2025,654.88,State Farm,123456789
607,Buick,Lucerne,6/3/2023,6/20/2025,552.12,Progressive,555555555
608,Isuzu,VehiCROSS,5/4/2023,6/3/2025,906.85,Progressive,123456789
609,Volkswagen,Jetta,4/22/2023,6/29/2025,502.81,Geico,987654321
610,Dodge,Durango,5/10/2023,8/11/2025,737.47,Geico,555555555
611,Mazda,Protege,1/3/2023,11/13/2025,582.71,State Farm,987654321
612,Land Rover,Discovery,11/5/2023,12/2/2025,989.05,Progressive,555555555
613,Oldsmobile,Alero,12/20/2023,2/4/2025,758.38,Progressive,555555555
614,Jeep,Cherokee,10/21/2023,11/9/2025,784.62,Geico,987654321
615,Mercedes-Benz,E-Class,5/1/2023,8/25/2025,117.68,Progressive,555555555
616,Land Rover,Range Rover,4/3/2023,2/3/2025,293.81,Geico,555555555
617,Chevrolet,Express,1/15/2023,1/4/2025,333.75,State Farm,555555555
618,Ford,Explorer,12/4/2023,2/22/2025,627.04,State Farm,123456789
619,Acura,MDX,11/29/2023,3/4/2025,176.11,Geico,123456789
620,Lamborghini,Murciélago,9/30/2023,6/18/2025,759.89,Geico,123456789
621,Land Rover,Defender 110,9/21/2023,3/19/2025,371.04,Progressive,555555555
622,Saab,9-3,2/25/2023,4/10/2025,933.62,Geico,987654321
623,Mercedes-Benz,E-Class,6/20/2023,11/3/2025,527.87,State Farm,555555555
624,Acura,Vigor,8/10/2023,2/8/2025,775.97,Progressive,987654321
625,Chevrolet,Express 3500,4/20/2023,12/27/2025,328.14,Progressive,123456789
626,Toyota,Camry,1/26/2023,7/4/2025,232.84,Geico,987654321
627,Land Rover,Range Rover Sport,10/14/2023,7/20/2025,332.93,Geico,987654321
628,Toyota,Highlander,6/2/2023,6/7/2025,640.63,State Farm,123456789
629,Mercedes-Benz,SLK-Class,6/18/2023,8/26/2025,723.05,Geico,555555555
630,Toyota,Tacoma,4/22/2023,5/18/2025,195.87,State Farm,987654321
631,Volkswagen,rio,12/19/2023,2/20/2025,710.68,Geico,123456789
632,Ford,Explorer Sport Trac,11/27/2023,12/13/2025,827.92,Geico,555555555
633,Mercedes-Benz,SLK-Class,7/16/2023,9/17/2025,884.09,State Farm,123456789
634,Ford,Excursion,2/8/2023,5/13/2025,680.19,Progressive,987654321
635,Mazda,MX-3,3/18/2023,2/28/2025,510.38,Progressive,555555555
636,Mazda,Familia,6/5/2023,8/21/2025,345.31,State Farm,123456789
637,Buick,Terraza,9/19/2023,8/12/2025,361.12,Progressive,555555555
638,Mercedes-Benz,SL-Class,5/6/2023,1/10/2025,785.28,State Farm,987654321
639,Subaru,Legacy,3/25/2023,4/27/2025,287.64,State Farm,123456789
640,Dodge,Avenger,1/7/2023,2/5/2025,445.21,Progressive,123456789
641,Pontiac,Aztek,9/7/2023,5/6/2025,216.06,State Farm,123456789
642,Dodge,Durango,1/1/2023,7/5/2025,248.54,Geico,987654321
643,Mazda,MX-3,7/9/2023,2/15/2025,932.67,Geico,555555555
644,BMW,X5 M,2/1/2023,10/7/2025,195.5,State Farm,987654321
645,Honda,Prelude,1/31/2023,5/28/2025,294.1,Geico,987654321
646,Hyundai,Santa Fe,2/15/2023,12/24/2025,487.94,Geico,987654321
647,Acura,RSX,2/8/2023,2/28/2025,630.63,Geico,123456789
648,Chevrolet,Suburban,4/6/2023,1/1/2025,103.53,Progressive,987654321
649,Mitsubishi,Galant,7/13/2023,6/3/2025,612.62,State Farm,123456789
650,Volvo,740,12/8/2023,1/28/2025,575.72,State Farm,555555555
651,Oldsmobile,98,1/22/2023,12/27/2025,327.2,State Farm,555555555
652,Chevrolet,Tahoe,9/22/2023,9/7/2025,537.03,Progressive,555555555
653,Hyundai,Elantra,5/20/2023,11/2/2025,300.86,Progressive,555555555
654,Jaguar,X-Type,8/22/2023,9/7/2025,118.32,State Farm,123456789
655,Chevrolet,Suburban 2500,8/20/2023,8/12/2025,413.01,Progressive,987654321
656,Ford,E150,3/13/2023,9/12/2025,871.32,Geico,123456789
657,Mitsubishi,Chariot,11/15/2023,8/21/2025,231.0,Progressive,123456789
658,Honda,Passport,8/11/2023,6/21/2025,554.84,Progressive,987654321
659,Bentley,Continental GT,8/31/2023,4/7/2025,470.76,Geico,987654321
660,Cadillac,Allante,5/5/2023,7/17/2025,696.77,Progressive,555555555
661,Dodge,Ram,1/12/2023,1/23/2025,686.39,Progressive,555555555
662,Chevrolet,3500,11/5/2023,12/11/2025,420.36,State Farm,987654321
663,Hummer,H1,6/21/2023,10/5/2025,967.45,Progressive,987654321
664,Ford,Bronco II,7/7/2023,7/10/2025,134.14,State Farm,123456789
665,Dodge,Caravan,7/17/2023,4/25/2025,192.88,State Farm,123456789
666,Honda,Civic,11/2/2023,4/1/2025,294.21,Progressive,555555555
667,Suzuki,SX4,5/27/2023,5/31/2025,473.23,Geico,987654321
668,Mazda,MPV,11/18/2023,8/16/2025,158.97,Progressive,123456789
669,Kia,Spectra,6/15/2023,6/19/2025,366.78,State Farm,123456789
670,Dodge,Grand Caravan,1/19/2023,7/13/2025,972.88,Geico,555555555
671,Volkswagen,Golf,11/26/2023,1/3/2025,244.82,Geico,987654321
672,Chevrolet,2500,2/21/2023,11/28/2025,166.92,Progressive,555555555
673,Mercedes-Benz,E-Class,1/7/2023,7/4/2025,182.82,State Farm,555555555
674,Ford,Explorer Sport,11/6/2023,6/1/2025,827.68,Progressive,987654321
675,Honda,Ridgeline,8/6/2023,7/27/2025,909.27,State Farm,555555555
676,Scion,xB,9/22/2023,8/11/2025,494.56,State Farm,123456789
677,Geo,Prizm,3/9/2023,9/7/2025,572.89,Geico,123456789
678,Audi,Coupe Quattro,3/4/2023,9/17/2025,851.07,State Farm,555555555
679,Chevrolet,Caprice,10/18/2023,5/28/2025,308.56,State Farm,123456789
680,Subaru,Legacy,2/24/2023,8/23/2025,538.04,Geico,123456789
681,BMW,M5,4/2/2023,10/23/2025,102.35,Geico,987654321
682,Ford,F150,5/27/2023,2/18/2025,285.27,Geico,555555555
683,Jaguar,XJ Series,12/10/2023,2/13/2025,819.41,State Farm,987654321
684,Mitsubishi,Outlander,8/7/2023,4/8/2025,483.44,Geico,123456789
685,Dodge,Ram Van 3500,11/4/2023,6/6/2025,629.56,Geico,987654321
686,Land Rover,Discovery,8/1/2023,3/16/2025,163.26,State Farm,987654321
687,MINI,Clubman,9/2/2023,12/28/2025,461.4,Geico,987654321
688,Dodge,Ram Van 2500,4/17/2023,4/19/2025,483.95,Geico,987654321
689,Lotus,Elise,3/18/2023,1/10/2025,608.77,Progressive,555555555
690,Buick,Regal,11/17/2023,10/12/2025,905.51,Geico,555555555
691,Lincoln,MKX,12/23/2023,10/18/2025,517.2,Progressive,987654321
692,Isuzu,Hombre,12/1/2023,10/29/2025,579.09,Progressive,987654321
693,Audi,riolet,12/23/2023,9/4/2025,841.85,Geico,555555555
694,Infiniti,M,8/16/2023,4/19/2025,256.84,State Farm,555555555
695,Jaguar,S-Type,4/17/2023,3/30/2025,390.55,State Farm,555555555
696,Buick,Skylark,1/1/2023,9/14/2025,956.03,Progressive,123456789
697,Mercury,Cougar,9/21/2023,12/28/2025,223.27,Geico,987654321
698,BMW,3 Series,5/18/2023,12/10/2025,590.39,Geico,555555555
699,Saturn,S-Series,6/21/2023,2/12/2025,489.66,Geico,555555555
700,Buick,Electra,9/16/2023,6/9/2025,369.29,Progressive,987654321
701,Nissan,Versa,7/19/2023,4/22/2025,893.28,Progressive,555555555
702,Honda,Pilot,6/3/2023,11/1/2025,521.09,Geico,987654321
703,Pontiac,G6,12/27/2023,11/1/2025,368.97,Geico,123456789
704,Chevrolet,Metro,3/31/2023,6/3/2025,913.67,Progressive,987654321
705,Ford,Econoline E250,3/27/2023,3/30/2025,725.45,Geico,555555555
706,BMW,1 Series,11/18/2023,1/7/2025,690.87,Geico,555555555
707,Toyota,Tundra,6/14/2023,5/17/2025,356.82,Geico,987654321
708,Honda,Pilot,4/4/2023,4/12/2025,241.23,Geico,555555555
709,Ford,Expedition EL,8/18/2023,7/23/2025,252.52,Progressive,123456789
710,Corbin,Sparrow,11/6/2023,2/9/2025,198.28,Geico,555555555
711,Land Rover,Discovery,7/8/2023,8/10/2025,621.82,State Farm,555555555
712,Suzuki,Swift,9/20/2023,6/13/2025,197.98,Progressive,555555555
713,Land Rover,Discovery,5/14/2023,8/14/2025,228.4,Progressive,987654321
714,Suzuki,Swift,4/13/2023,12/1/2025,609.41,Progressive,555555555
715,Ford,Explorer Sport Trac,10/12/2023,7/6/2025,748.65,Geico,123456789
716,Subaru,Tribeca,12/8/2023,9/2/2025,279.28,Geico,123456789
717,Aston Martin,Vantage,3/23/2023,1/23/2025,528.26,Geico,555555555
718,Chevrolet,Cavalier,7/2/2023,10/11/2025,230.43,State Farm,123456789
719,Plymouth,Colt Vista,12/12/2023,11/14/2025,217.21,Geico,987654321
720,Toyota,Camry,6/30/2023,10/8/2025,997.26,Progressive,987654321
721,Isuzu,Ascender,8/27/2023,11/11/2025,533.43,Geico,123456789
722,Ford,F-350 Super Duty,7/10/2023,9/20/2025,118.2,Geico,987654321
723,Isuzu,Hombre,8/13/2023,1/23/2025,814.23,State Farm,123456789
724,Mercury,Cougar,3/16/2023,2/18/2025,547.12,Progressive,123456789
725,Pontiac,Parisienne,5/18/2023,3/27/2025,740.6,State Farm,555555555
726,Chevrolet,Suburban 1500,3/2/2023,8/13/2025,916.92,Progressive,123456789
727,Jeep,Wrangler,7/15/2023,7/26/2025,282.74,Progressive,123456789
728,Dodge,Ramcharger,12/29/2023,12/6/2025,677.23,Geico,987654321
729,Chevrolet,Camaro,4/27/2023,4/28/2025,696.02,Progressive,987654321
730,Toyota,Avalon,6/8/2023,7/18/2025,920.87,Progressive,555555555
731,Toyota,Corolla,3/10/2023,12/28/2025,177.6,Progressive,555555555
732,Maybach,57,11/3/2023,10/19/2025,243.91,Geico,123456789
733,Ford,Escort,6/7/2023,7/18/2025,774.87,State Farm,123456789
734,Lincoln,Town Car,3/29/2023,1/8/2025,484.49,Geico,123456789
735,Chevrolet,Suburban 2500,4/2/2023,9/24/2025,197.96,State Farm,123456789
736,Chevrolet,Traverse,12/2/2023,6/17/2025,922.62,Geico,987654321
737,Nissan,Frontier,9/15/2023,1/26/2025,342.81,Geico,987654321
738,Lexus,RX,4/17/2023,9/26/2025,732.62,State Farm,555555555
739,Lincoln,Mark VIII,4/14/2023,10/29/2025,131.26,Geico,555555555
740,Ford,Bronco,11/4/2023,10/25/2025,457.66,Geico,987654321
741,Oldsmobile,Achieva,4/4/2023,8/11/2025,138.96,State Farm,123456789
742,Oldsmobile,Bravada,3/28/2023,12/26/2025,916.47,Geico,987654321
743,Mitsubishi,Galant,3/25/2023,10/26/2025,545.26,State Farm,987654321
744,Mercury,Grand Marquis,8/5/2023,12/30/2025,714.25,State Farm,123456789
745,Pontiac,Grand Am,1/31/2023,3/12/2025,200.63,Geico,555555555
746,Mercedes-Benz,SLR McLaren,2/21/2023,11/28/2025,540.32,State Farm,555555555
747,BMW,M5,4/10/2023,6/8/2025,129.24,Geico,555555555
748,Lexus,ES,11/12/2023,9/7/2025,314.91,Geico,987654321
749,GMC,Sonoma Club Coupe,7/16/2023,1/27/2025,141.4,State Farm,123456789
750,Hyundai,Tucson,2/22/2023,1/27/2025,479.42,State Farm,987654321
751,Dodge,Sprinter,10/13/2023,5/22/2025,795.82,State Farm,555555555
752,Volkswagen,Cabriolet,9/21/2023,7/28/2025,500.62,State Farm,555555555
753,Suzuki,SX4,5/10/2023,8/18/2025,353.78,State Farm,987654321
754,Nissan,Murano,7/10/2023,7/18/2025,987.55,Geico,555555555
755,Mercury,Grand Marquis,4/25/2023,3/11/2025,928.37,State Farm,987654321
756,Subaru,Forester,1/7/2023,5/24/2025,570.17,Progressive,555555555
757,Scion,tC,12/24/2023,10/2/2025,120.47,State Farm,555555555
758,Mazda,Protege,11/30/2023,10/23/2025,848.15,Progressive,123456789
759,Mitsubishi,Galant,12/8/2023,10/18/2025,733.15,State Farm,987654321
760,GMC,Yukon XL 1500,6/26/2023,9/18/2025,555.06,State Farm,987654321
761,Lincoln,Mark VIII,10/27/2023,2/25/2025,864.84,Geico,987654321
762,Mitsubishi,Pajero,4/8/2023,10/16/2025,856.79,State Farm,123456789
763,Ford,Contour,2/2/2023,9/3/2025,970.22,Geico,123456789
764,Ford,Expedition,10/20/2023,4/23/2025,956.58,Progressive,555555555
765,Infiniti,QX,5/15/2023,6/19/2025,267.79,Geico,555555555
766,Mitsubishi,Montero,10/11/2023,12/3/2025,741.46,Geico,123456789
767,Tesla,Roadster,2/6/2023,7/25/2025,527.52,Progressive,987654321
768,Lamborghini,Diablo,3/8/2023,7/31/2025,206.1,Geico,555555555
769,Chevrolet,Malibu,5/9/2023,12/4/2025,735.74,Progressive,123456789
770,Volkswagen,Tiguan,1/12/2023,12/16/2025,248.65,State Farm,987654321
771,Dodge,Viper RT/10,10/2/2023,5/10/2025,495.53,Geico,123456789
772,Bentley,Continental Flying Spur,8/27/2023,11/5/2025,646.19,Progressive,987654321
773,Smart,Fortwo,12/29/2023,6/5/2025,256.11,State Farm,123456789
774,Mitsubishi,Mirage,4/4/2023,6/22/2025,763.98,Geico,123456789
775,Chevrolet,Express 3500,6/3/2023,9/30/2025,324.39,Geico,987654321
776,Hyundai,Veracruz,10/10/2023,9/23/2025,379.68,Progressive,123456789
777,Oldsmobile,Bravada,4/2/2023,11/7/2025,672.71,State Farm,555555555
778,GMC,Sonoma Club Coupe,10/20/2023,8/20/2025,148.27,Geico,123456789
779,Oldsmobile,Cutlass Supreme,7/28/2023,1/20/2025,444.14,Progressive,123456789
780,Lincoln,Navigator,10/30/2023,7/17/2025,722.87,Progressive,123456789
781,Lincoln,Continental,2/27/2023,6/22/2025,624.04,Geico,123456789
782,Mazda,Mazdaspeed6,6/13/2023,8/28/2025,749.98,Geico,123456789
783,Mercedes-Benz,SLR McLaren,7/18/2023,3/24/2025,425.0,State Farm,123456789
784,Chevrolet,Silverado 2500,7/17/2023,5/11/2025,463.22,State Farm,987654321
785,Ford,Mustang,1/1/2023,5/17/2025,435.54,State Farm,987654321
786,Isuzu,Rodeo,11/4/2023,3/25/2025,113.13,State Farm,555555555
787,Volkswagen,Tiguan,5/10/2023,5/9/2025,415.5,Progressive,555555555
788,Lexus,GX,4/8/2023,1/4/2025,788.07,Geico,123456789
789,Lexus,ES,3/9/2023,3/16/2025,111.4,Progressive,123456789
790,Jeep,Liberty,5/3/2023,10/22/2025,916.35,Progressive,123456789
791,Jaguar,XK,12/24/2023,8/8/2025,261.17,Progressive,123456789
792,Volkswagen,Golf,4/24/2023,12/21/2025,851.73,Progressive,987654321
793,Maserati,Biturbo,3/19/2023,7/24/2025,455.23,Progressive,987654321
794,Mazda,Tribute,4/30/2023,7/11/2025,427.94,State Farm,987654321
795,Honda,Prelude,8/12/2023,10/15/2025,302.33,Progressive,555555555
796,Buick,Riviera,3/25/2023,3/21/2025,506.44,State Farm,987654321
797,Toyota,Tacoma Xtra,12/14/2023,4/3/2025,901.48,State Farm,555555555
798,Jaguar,XJ,10/13/2023,9/16/2025,755.61,State Farm,555555555
799,Cadillac,Escalade,4/18/2023,9/15/2025,622.28,Geico,555555555
800,Volkswagen,Rabbit,9/21/2023,2/17/2025,208.24,State Farm,123456789
801,Suzuki,Swift,3/9/2023,2/18/2025,401.38,Progressive,123456789
802,Chevrolet,2500,7/13/2023,5/6/2025,404.16,State Farm,555555555
803,Suzuki,Reno,11/16/2023,8/30/2025,195.63,Geico,555555555
804,Audi,S5,4/24/2023,9/22/2025,280.93,Geico,987654321
805,Nissan,Armada,11/30/2023,7/1/2025,171.72,Geico,555555555
806,Jaguar,XK Series,11/1/2023,4/18/2025,325.98,Geico,555555555
807,Ford,Mustang,12/3/2023,8/23/2025,208.53,Geico,987654321
808,Buick,Century,9/4/2023,1/6/2025,547.66,Geico,555555555
809,Ford,Ranger,11/6/2023,3/22/2025,214.73,Geico,987654321
810,Chevrolet,Lumina,11/13/2023,11/21/2025,179.86,Progressive,555555555
811,Mazda,Miata MX-5,3/4/2023,2/5/2025,393.87,State Farm,123456789
812,Ford,Club Wagon,3/26/2023,8/24/2025,220.42,Progressive,555555555
813,Lincoln,LS,10/16/2023,2/26/2025,841.49,State Farm,123456789
814,GMC,Yukon XL 2500,1/16/2023,2/26/2025,763.38,Geico,555555555
815,Mazda,MX-5,11/2/2023,8/15/2025,162.04,State Farm,123456789
816,Bentley,Continental Super,8/9/2023,5/30/2025,470.52,Geico,987654321
817,Nissan,Pathfinder,1/11/2023,12/10/2025,652.76,State Farm,987654321
818,Dodge,Grand Caravan,7/15/2023,7/3/2025,826.44,State Farm,555555555
819,Subaru,Alcyone SVX,3/4/2023,4/14/2025,207.0,Progressive,555555555
820,Mazda,Protege,3/6/2023,1/16/2025,609.56,Geico,123456789
821,Volkswagen,Jetta,8/8/2023,1/15/2025,556.64,Geico,987654321
822,GMC,1500 Club Coupe,6/10/2023,5/16/2025,816.89,State Farm,123456789
823,Saab,900,10/9/2023,12/24/2025,450.43,State Farm,987654321
824,Mazda,MPV,6/24/2023,10/2/2025,449.74,Progressive,123456789
825,Land Rover,Range Rover Sport,10/22/2023,8/11/2025,331.54,Geico,123456789
826,Mercedes-Benz,CL-Class,1/2/2023,2/3/2025,340.53,Geico,555555555
827,Chevrolet,Express 2500,8/7/2023,6/3/2025,800.16,Geico,555555555
828,Plymouth,Voyager,5/9/2023,8/3/2025,594.17,State Farm,555555555
829,Subaru,SVX,9/20/2023,8/27/2025,821.27,Progressive,987654321
830,Mitsubishi,Pajero,7/14/2023,2/27/2025,606.12,Geico,987654321
831,Mercedes-Benz,C-Class,4/28/2023,1/7/2025,306.78,Geico,123456789
832,Oldsmobile,Bravada,1/10/2023,5/3/2025,996.58,Geico,987654321
833,Cadillac,STS,2/8/2023,2/27/2025,378.74,Geico,123456789
834,Chevrolet,Impala SS,1/12/2023,9/16/2025,551.97,Progressive,123456789
835,GMC,Suburban 2500,12/14/2023,7/18/2025,539.54,Progressive,987654321
836,Mazda,CX-7,12/22/2023,4/27/2025,789.77,State Farm,123456789
837,Volkswagen,Rabbit,9/21/2023,2/17/2025,884.36,Progressive,123456789
838,Pontiac,Firebird,11/15/2023,8/31/2025,560.19,State Farm,555555555
839,Mazda,MX-6,6/30/2023,11/4/2025,222.6,Geico,987654321
840,Toyota,4Runner,6/6/2023,8/16/2025,891.64,Geico,123456789
841,Volkswagen,Fox,8/12/2023,5/13/2025,265.18,Geico,123456789
842,Chevrolet,Silverado 3500,12/9/2023,2/4/2025,840.06,State Farm,987654321
843,Cadillac,Escalade EXT,8/26/2023,4/23/2025,504.15,State Farm,987654321
844,BMW,760,3/30/2023,2/16/2025,985.23,State Farm,123456789
845,Volkswagen,Jetta,4/13/2023,9/3/2025,374.77,Progressive,123456789
846,Volkswagen,New Beetle,6/5/2023,10/25/2025,135.39,Geico,987654321
847,Audi,100,6/15/2023,4/1/2025,638.09,Geico,555555555
848,Isuzu,Amigo,11/6/2023,1/27/2025,775.07,State Farm,555555555
849,Infiniti,I,7/15/2023,5/9/2025,370.52,Progressive,987654321
850,Chevrolet,Equinox,1/28/2023,2/24/2025,338.69,Progressive,555555555
851,Nissan,GT-R,12/26/2023,4/27/2025,955.39,State Farm,123456789
852,Toyota,Land Cruiser,1/18/2023,1/23/2025,777.97,State Farm,555555555
853,Audi,4000s,10/17/2023,1/9/2025,858.58,Progressive,123456789
854,Chevrolet,SSR,12/30/2023,6/13/2025,549.72,State Farm,555555555
855,Mercury,Marquis,10/20/2023,2/10/2025,459.21,State Farm,987654321
856,GMC,1500 Club Coupe,5/3/2023,2/11/2025,983.96,Geico,123456789
857,Toyota,Tacoma,5/27/2023,1/26/2025,364.06,Geico,987654321
858,GMC,Yukon XL 1500,4/17/2023,2/17/2025,165.29,State Farm,987654321
859,Hyundai,Accent,12/23/2023,3/19/2025,909.66,State Farm,555555555
860,Plymouth,Acclaim,12/1/2023,12/21/2025,425.09,Progressive,123456789
861,Honda,Element,5/2/2023,5/3/2025,738.47,Progressive,555555555
862,Lincoln,MKS,12/13/2023,7/15/2025,588.48,Geico,987654321
863,Honda,Prelude,9/13/2023,8/26/2025,323.2,State Farm,555555555
864,Mazda,Mazda6,7/11/2023,12/21/2025,405.52,Geico,987654321
865,Volkswagen,Jetta,5/27/2023,4/13/2025,709.25,State Farm,987654321
866,Infiniti,QX,9/25/2023,11/19/2025,710.15,Progressive,123456789
867,Oldsmobile,Silhouette,9/27/2023,12/15/2025,180.7,Geico,987654321
868,Dodge,Ram 2500,8/14/2023,1/18/2025,626.63,Geico,987654321
869,Dodge,Nitro,11/22/2023,4/4/2025,377.89,Progressive,987654321
870,Ford,Ranger,3/11/2023,1/16/2025,888.18,Geico,123456789
871,Mitsubishi,Endeavor,12/30/2023,9/15/2025,270.42,Progressive,987654321
872,Subaru,Forester,5/17/2023,6/21/2025,324.51,State Farm,555555555
873,Toyota,RAV4,4/27/2023,6/2/2025,482.23,Geico,987654321
874,Acura,Integra,7/3/2023,3/19/2025,750.62,State Farm,123456789
875,Ford,LTD Crown Victoria,3/28/2023,12/19/2025,237.16,Progressive,123456789
876,Hyundai,Elantra,4/3/2023,8/1/2025,332.46,State Farm,987654321
877,Cadillac,Escalade,8/16/2023,12/2/2025,502.95,Progressive,123456789
878,Ford,Thunderbird,10/13/2023,3/29/2025,653.26,State Farm,987654321
879,Mazda,Protege,11/17/2023,10/11/2025,526.48,Progressive,555555555
880,Pontiac,Trans Sport,7/4/2023,9/8/2025,602.63,Progressive,987654321
881,Hyundai,Accent,11/23/2023,3/11/2025,333.3,State Farm,987654321
882,Mazda,MX-3,1/23/2023,9/27/2025,207.2,State Farm,123456789
883,GMC,Rally Wagon 1500,1/26/2023,6/25/2025,244.69,Geico,987654321
884,Honda,Civic Si,9/5/2023,6/28/2025,349.72,State Farm,987654321
885,Infiniti,G,1/14/2023,9/3/2025,189.16,State Farm,555555555
886,Mitsubishi,Pajero,9/6/2023,7/12/2025,748.51,Geico,555555555
887,GMC,2500 Club Coupe,9/27/2023,8/15/2025,375.49,Progressive,555555555
888,Chevrolet,Metro,6/18/2023,4/12/2025,246.98,Progressive,123456789
889,Volkswagen,Touareg,6/30/2023,11/19/2025,468.2,State Farm,123456789
890,Toyota,Solara,3/28/2023,3/27/2025,707.64,Geico,123456789
891,Jeep,Wrangler,7/18/2023,3/1/2025,800.2,State Farm,555555555
892,Lexus,GS,8/18/2023,5/21/2025,246.92,Progressive,555555555
893,Saturn,Sky,1/24/2023,3/16/2025,202.71,Progressive,123456789
894,Mercury,Mountaineer,12/24/2023,3/30/2025,836.9,Geico,555555555
895,BMW,745,2/20/2023,4/1/2025,256.75,State Farm,987654321
896,Dodge,Ram 2500,12/16/2023,4/26/2025,499.72,Geico,987654321
897,Mercury,Topaz,4/19/2023,3/25/2025,836.4,State Farm,987654321
898,Pontiac,GTO,4/27/2023,4/21/2025,463.96,Progressive,555555555
899,Lexus,ES,12/22/2023,12/12/2025,107.74,Progressive,987654321
900,Chevrolet,Aveo,10/29/2023,9/24/2025,714.85,Geico,123456789
901,Ford,Focus,10/31/2023,3/10/2025,276.47,State Farm,123456789
902,Infiniti,M,3/3/2023,10/11/2025,990.85,Geico,987654321
903,Jeep,Compass,7/23/2023,12/9/2025,726.48,Progressive,123456789
904,Scion,xB,12/2/2023,10/21/2025,845.18,Progressive,123456789
905,Ford,F150,7/10/2023,3/13/2025,785.93,State Farm,987654321
906,Volvo,S80,10/1/2023,12/19/2025,599.25,State Farm,123456789
907,Volkswagen,Touareg,6/20/2023,11/19/2025,128.99,Geico,555555555
908,Mazda,CX-9,12/4/2023,9/20/2025,246.39,Progressive,123456789
909,GMC,Sonoma,7/16/2023,9/24/2025,837.05,Geico,555555555
910,Ford,Mustang,5/1/2023,8/30/2025,126.52,Geico,555555555
911,Lexus,CT,3/27/2023,1/9/2025,487.47,Geico,987654321
912,BMW,3 Series,7/10/2023,12/29/2025,655.63,State Farm,555555555
913,GMC,Savana 2500,2/6/2023,7/19/2025,971.2,Progressive,123456789
914,Buick,Regal,12/27/2023,5/31/2025,744.42,Geico,555555555
915,Mitsubishi,Chariot,7/30/2023,9/23/2025,606.98,State Farm,555555555
916,Pontiac,Bonneville,6/27/2023,5/21/2025,935.41,Geico,555555555
917,Lexus,SC,12/25/2023,11/13/2025,569.97,State Farm,555555555
918,Infiniti,QX56,7/21/2023,8/22/2025,204.2,State Farm,987654321
919,Volvo,V40,8/23/2023,10/21/2025,162.77,Geico,123456789
920,Cadillac,Escalade,5/20/2023,8/17/2025,277.37,Geico,987654321
921,Chevrolet,Silverado 1500,3/27/2023,12/26/2025,664.03,Progressive,555555555
922,Bentley,Azure,2/26/2023,12/27/2025,263.73,State Farm,987654321
923,Mercury,Grand Marquis,5/7/2023,9/22/2025,624.24,Geico,555555555
924,Kia,Amanti,9/24/2023,4/13/2025,105.84,Progressive,987654321
925,Mercedes-Benz,GLK-Class,1/7/2023,5/24/2025,196.21,Geico,987654321
926,Lincoln,Town Car,2/2/2023,2/15/2025,339.42,Geico,123456789
927,Buick,Riviera,9/24/2023,7/6/2025,808.52,State Farm,987654321
928,Infiniti,G,1/15/2023,3/26/2025,113.04,Geico,987654321
929,Ford,Explorer,12/2/2023,8/13/2025,196.8,Geico,123456789
930,BMW,3 Series,4/15/2023,2/6/2025,883.18,Progressive,123456789
931,Subaru,Impreza,5/8/2023,8/16/2025,515.02,State Farm,123456789
932,Toyota,Prius Plug-in,9/4/2023,4/28/2025,536.46,Geico,555555555
933,Hyundai,Veloster,3/24/2023,8/23/2025,201.42,Progressive,555555555
934,Mercedes-Benz,SLS-Class,4/3/2023,8/23/2025,672.62,Progressive,123456789
935,Suzuki,X-90,8/2/2023,8/31/2025,110.62,Progressive,555555555
936,Lotus,Elise,6/7/2023,1/25/2025,763.43,Progressive,123456789
937,Chevrolet,Blazer,9/1/2023,4/25/2025,986.17,Progressive,123456789
938,BMW,3 Series,1/3/2023,2/18/2025,121.14,Geico,555555555
939,Chrysler,Concorde,3/7/2023,3/5/2025,780.04,Progressive,123456789
940,Pontiac,Firefly,8/17/2023,4/3/2025,533.43,Geico,987654321
941,Audi,S6,11/22/2023,11/10/2025,666.62,Geico,123456789
942,Chrysler,Sebring,6/12/2023,2/15/2025,391.61,Progressive,555555555
943,Pontiac,Grand Prix,5/23/2023,8/11/2025,617.21,State Farm,123456789
944,Scion,xB,7/15/2023,2/19/2025,640.9,State Farm,987654321
945,Lexus,RX,3/2/2023,11/4/2025,476.07,State Farm,987654321
946,Dodge,Dakota,8/31/2023,10/10/2025,720.97,State Farm,555555555
947,Jaguar,XK,6/13/2023,5/14/2025,188.83,State Farm,555555555
948,Volkswagen,Passat,3/15/2023,12/13/2025,854.02,Geico,987654321
949,Nissan,Quest,2/23/2023,4/19/2025,672.24,Progressive,987654321
950,Plymouth,Colt Vista,12/24/2023,7/15/2025,407.66,State Farm,555555555
951,Honda,CR-V,9/7/2023,7/27/2025,904.75,Geico,555555555
952,Spyker,C8 Double 12 S,3/2/2023,10/30/2025,358.53,State Farm,123456789
953,Lexus,RX Hybrid,11/9/2023,10/4/2025,173.5,State Farm,555555555
954,Audi,100,12/3/2023,3/7/2025,167.68,Geico,987654321
955,Land Rover,Discovery,8/18/2023,4/20/2025,558.7,Progressive,987654321
956,Plymouth,Acclaim,9/28/2023,3/5/2025,741.2,Geico,555555555
957,Lexus,SC,11/19/2023,10/13/2025,350.68,Geico,555555555
958,Ram,2500,8/14/2023,1/4/2025,814.52,Progressive,555555555
959,Volvo,S80,2/15/2023,6/6/2025,693.22,Progressive,123456789
960,Honda,Civic,5/25/2023,12/8/2025,708.26,Geico,123456789
961,Jeep,Wrangler,4/12/2023,1/23/2025,547.56,Geico,123456789
962,Buick,Century,12/1/2023,4/8/2025,598.01,Progressive,987654321
963,Audi,5000S,12/6/2023,9/2/2025,384.57,State Farm,123456789
964,Ford,LTD,7/4/2023,2/26/2025,849.61,State Farm,123456789
965,Audi,4000,8/21/2023,1/7/2025,338.5,Progressive,123456789
966,BMW,M,7/23/2023,7/17/2025,884.94,Progressive,987654321
967,Mazda,B2500,1/3/2023,5/2/2025,143.97,Progressive,123456789
968,Chevrolet,Lumina,2/18/2023,5/26/2025,168.04,Progressive,555555555
969,Lincoln,Continental Mark VII,6/21/2023,6/5/2025,466.39,Progressive,987654321
970,Chevrolet,G-Series G10,9/17/2023,7/30/2025,429.76,Geico,555555555
971,Honda,Civic,9/17/2023,10/28/2025,845.83,Progressive,123456789
972,Plymouth,Prowler,9/2/2023,5/2/2025,668.92,State Farm,123456789
973,Lotus,Elise,9/14/2023,1/23/2025,100.78,State Farm,987654321
974,Mitsubishi,GTO,1/7/2023,4/16/2025,756.14,State Farm,555555555
975,Chevrolet,1500,5/16/2023,4/12/2025,807.92,Progressive,555555555
976,Toyota,Camry,7/22/2023,10/29/2025,710.92,Geico,987654321
977,Volkswagen,Passat,9/12/2023,9/20/2025,200.64,Geico,987654321
978,Ford,F250,1/30/2023,11/21/2025,647.57,Geico,555555555
979,Volvo,C70,12/6/2023,9/18/2025,729.5,State Farm,987654321
980,BMW,5 Series,8/17/2023,11/4/2025,800.79,State Farm,555555555
981,Volkswagen,Golf,10/5/2023,10/29/2025,773.79,Progressive,987654321
982,Infiniti,G,7/31/2023,5/27/2025,661.76,State Farm,123456789
983,Ford,Mustang,2/9/2023,1/22/2025,719.13,Progressive,555555555
984,Ford,Expedition,3/27/2023,12/8/2025,150.31,Progressive,555555555
985,Lincoln,Continental,4/19/2023,8/26/2025,275.96,State Farm,123456789
986,Mazda,B-Series Plus,1/25/2023,5/28/2025,436.02,Geico,987654321
987,Mercury,Marquis,12/12/2023,2/16/2025,244.13,State Farm,987654321
988,Mercedes-Benz,C-Class,8/5/2023,8/22/2025,168.91,Progressive,987654321
989,Jeep,Liberty,10/14/2023,6/22/2025,562.36,Geico,123456789
990,Mitsubishi,Mighty Max,7/10/2023,5/21/2025,965.82,Geico,555555555
991,Ford,F350,3/12/2023,1/19/2025,483.82,State Farm,555555555
992,GMC,2500 Club Coupe,8/6/2023,5/24/2025,435.49,Geico,555555555
993,Chevrolet,Tahoe,2/2/2023,7/24/2025,752.21,Geico,123456789
994,Mazda,MPV,12/8/2023,3/21/2025,391.9,Geico,987654321
995,Chevrolet,Caprice,8/24/2023,9/25/2025,209.11,State Farm,987654321
996,Ford,Thunderbird,4/27/2023,7/27/2025,883.64,Progressive,987654321
997,Mercury,Milan,2/12/2023,7/31/2025,720.08,Geico,987654321
998,Porsche,924 S,3/20/2023,3/12/2025,517.76,Progressive,987654321
999,Infiniti,QX,10/5/2023,10/23/2025,154.56,State Farm,555555555
1000,Nissan,Leaf,8/20/2023,1/29/2025,397.25,State Farm,555555555
