customer_id,account_balance,credit_score,loan_amount,loan_duration_months,interest_rate,loan_purpose,application_date,approval_status,payment_due_date
1,87087.01,726,482920.87,89,21.62,home improvement,2/5/2023,pending,12/22/2025
2,156309.54,322,739367.29,233,8.03,education,1/18/2023,approved,9/4/2024
3,954706.45,562,89104.16,206,25.5,education,4/11/2022,pending,5/31/2024
4,17737.27,673,222031.24,260,27.83,debt consolidation,1/27/2023,approved,1/31/2025
5,522308.25,512,945928.01,251,0.81,debt consolidation,4/14/2022,approved,1/24/2024
6,905402.28,367,931784.21,299,12.77,debt consolidation,7/27/2024,approved,12/31/2024
7,818362.64,600,638229.9,212,4.24,debt consolidation,9/8/2022,pending,3/24/2025
8,61559.68,753,57801.91,289,18.53,debt consolidation,1/30/2022,approved,11/12/2024
9,912682.1,467,432387.28,21,17.09,home improvement,6/10/2022,pending,5/26/2025
10,40483.31,578,175233.79,87,29.24,education,2/21/2024,approved,3/27/2024
11,642922.74,536,778444.59,138,18.83,debt consolidation,10/27/2024,pending,10/23/2024
12,863329.37,346,73602.57,312,8.0,debt consolidation,6/10/2024,rejected,7/22/2025
13,561843.85,476,863894.88,48,2.56,education,7/23/2024,approved,10/14/2024
14,365989.33,612,101047.54,49,13.96,debt consolidation,9/24/2022,pending,5/7/2024
15,117662.52,560,810136.64,85,17.11,debt consolidation,10/13/2022,pending,1/25/2024
16,363789.37,339,778062.79,241,0.55,home improvement,5/26/2024,pending,1/4/2025
17,485103.43,308,358939.91,358,4.51,debt consolidation,3/20/2022,rejected,12/9/2025
18,797831.32,782,85353.48,219,26.54,debt consolidation,2/17/2022,rejected,8/27/2024
19,748539.74,456,776240.16,323,15.89,home improvement,5/23/2022,rejected,7/24/2024
20,687680.41,368,564869.05,185,17.63,debt consolidation,11/4/2023,pending,2/27/2024
21,661847.57,609,218442.85,198,6.04,debt consolidation,5/12/2022,approved,10/31/2025
22,39316.23,384,299781.65,139,15.86,debt consolidation,3/5/2024,approved,12/14/2025
23,61915.66,353,515458.94,197,3.91,education,12/6/2023,pending,6/3/2025
24,153059.05,743,88288.81,46,11.75,home improvement,4/27/2024,approved,9/20/2024
25,914345.05,554,546993.33,52,20.77,debt consolidation,7/4/2023,rejected,9/21/2024
26,474880.93,776,775914.68,118,25.97,education,7/3/2022,approved,10/28/2025
27,603545.73,529,995902.45,106,24.09,debt consolidation,11/24/2023,rejected,11/26/2025
28,889581.62,441,659959.5,82,4.15,home improvement,1/21/2024,rejected,5/5/2025
29,405435.08,483,12519.84,214,12.68,home improvement,10/21/2022,approved,3/7/2024
30,810566.62,753,772255.43,263,25.94,education,5/24/2023,pending,10/30/2024
31,987278.07,583,320579.87,329,24.65,home improvement,1/23/2023,pending,5/25/2025
32,22530.83,503,700766.14,347,14.71,education,9/27/2024,pending,6/17/2025
33,462449.97,825,789067.98,358,27.75,education,4/30/2024,approved,6/1/2024
34,399346.43,607,403717.59,111,4.35,education,2/21/2022,pending,7/24/2024
35,849803.14,475,512508.31,126,5.82,debt consolidation,9/26/2023,rejected,10/8/2025
36,553350.8,720,141530.63,245,17.99,education,5/12/2023,rejected,3/28/2024
37,920251.97,675,98918.12,360,18.73,debt consolidation,8/5/2023,pending,2/9/2025
38,6718.6,476,961351.28,88,26.19,education,3/4/2023,pending,11/15/2025
39,893405.72,510,943162.49,232,9.48,education,12/3/2024,rejected,9/5/2024
40,765526.79,333,950136.42,85,9.8,debt consolidation,10/29/2023,rejected,4/12/2025
41,409251.48,658,403291.08,62,6.74,home improvement,3/4/2022,rejected,3/31/2025
42,878806.97,618,58620.54,236,10.39,debt consolidation,3/14/2023,rejected,7/3/2024
43,850632.08,816,639608.51,241,11.2,home improvement,9/1/2024,approved,3/20/2024
44,685332.26,352,11929.4,7,27.37,education,12/16/2024,rejected,7/11/2025
45,891060.78,537,497404.68,105,16.74,home improvement,5/16/2022,approved,4/24/2024
46,773302.49,459,890692.26,30,15.96,education,3/17/2024,approved,2/1/2025
47,829361.34,427,746591.14,57,17.02,education,12/29/2022,pending,4/24/2025
48,757846.07,771,922634.94,160,3.56,debt consolidation,12/31/2022,pending,5/16/2024
49,694960.93,358,630220.23,178,23.8,education,7/4/2023,rejected,6/4/2024
50,696861.72,787,495795.39,28,27.01,education,5/6/2022,rejected,12/29/2024
51,531243.71,404,44226.22,65,26.9,education,8/15/2024,approved,12/30/2024
52,220418.38,317,279557.51,39,3.76,debt consolidation,4/7/2022,rejected,5/26/2024
53,253258.99,383,932413.35,236,4.26,education,5/1/2023,rejected,12/26/2024
54,175002.0,632,51024.53,174,23.16,debt consolidation,9/4/2024,rejected,1/2/2024
55,99640.36,691,261359.34,93,11.07,home improvement,6/24/2022,pending,5/18/2024
56,925624.15,329,377802.57,141,2.41,home improvement,6/11/2024,approved,2/11/2024
57,528866.39,377,337101.59,311,28.2,education,6/5/2024,approved,5/25/2024
58,492740.82,409,267576.83,174,13.27,education,3/25/2022,approved,6/12/2024
59,101127.41,627,411085.96,265,20.44,education,3/12/2024,approved,10/26/2024
60,785003.26,564,505213.37,243,2.34,debt consolidation,11/27/2022,pending,4/24/2025
61,797370.44,323,600824.5,103,1.49,home improvement,6/10/2023,pending,4/14/2024
62,951180.93,726,703042.17,360,2.09,debt consolidation,4/13/2024,approved,4/21/2025
63,758068.95,572,618104.34,352,10.02,education,1/9/2023,rejected,8/2/2024
64,824273.82,315,930268.51,38,15.1,home improvement,5/12/2022,pending,9/18/2025
65,307093.19,508,765233.86,172,14.09,home improvement,12/14/2023,approved,7/6/2024
66,421865.12,389,426864.54,289,8.68,home improvement,7/2/2023,pending,10/20/2025
67,354849.74,779,877286.91,302,3.84,debt consolidation,2/19/2022,rejected,10/14/2025
68,897366.73,578,78001.46,228,15.69,education,3/27/2022,rejected,2/21/2025
69,503379.19,837,183963.75,120,29.08,debt consolidation,2/2/2023,approved,6/15/2025
70,258058.16,779,672163.05,33,0.72,education,5/28/2023,rejected,6/8/2024
71,792058.54,748,860230.94,275,16.41,education,9/28/2022,pending,2/12/2025
72,140824.07,373,391767.29,57,27.34,debt consolidation,8/26/2024,rejected,2/16/2024
73,188825.87,388,663438.19,171,11.85,home improvement,4/28/2022,pending,5/8/2024
74,393381.19,452,778447.38,266,0.38,home improvement,6/29/2024,pending,10/7/2024
75,393014.0,516,42968.58,102,4.01,home improvement,4/5/2023,approved,6/12/2025
76,322566.39,519,195086.16,51,16.41,education,3/5/2024,approved,6/3/2024
77,863999.82,369,249946.96,98,26.52,debt consolidation,12/13/2024,approved,10/21/2024
78,981510.25,654,263789.89,23,23.55,debt consolidation,3/24/2023,approved,8/18/2024
79,425391.41,333,264993.38,169,23.31,home improvement,6/17/2022,approved,9/7/2024
80,918086.77,346,1470.85,130,28.91,education,11/2/2023,approved,5/17/2024
81,786786.94,348,66403.23,301,17.55,debt consolidation,1/6/2024,pending,12/20/2025
82,412587.55,814,440814.91,312,24.12,home improvement,4/11/2022,rejected,5/30/2024
83,669516.24,500,935179.68,124,23.75,education,12/16/2024,rejected,6/21/2024
84,472271.71,810,895277.33,296,15.61,debt consolidation,12/8/2024,pending,8/16/2025
85,287593.54,665,282065.25,38,5.45,education,7/12/2024,rejected,10/28/2025
86,849518.42,565,9443.58,190,29.96,home improvement,3/13/2024,pending,12/23/2025
87,59889.53,615,905093.41,32,20.21,home improvement,9/9/2024,approved,6/4/2024
88,162995.48,700,651961.3,50,4.46,debt consolidation,8/6/2024,rejected,9/29/2025
89,36482.7,451,475441.59,183,0.87,home improvement,8/27/2024,pending,10/10/2025
90,942568.48,675,904591.28,137,10.74,home improvement,12/3/2023,approved,7/4/2025
91,97126.01,523,710641.17,341,13.46,home improvement,7/29/2024,pending,12/1/2025
92,190372.78,831,958773.28,153,8.98,debt consolidation,5/6/2023,pending,1/7/2024
93,471296.56,676,60513.15,25,5.23,education,10/3/2024,approved,6/27/2024
94,663504.31,731,901048.08,221,7.68,education,6/6/2023,pending,9/12/2024
95,527154.65,402,835861.19,347,15.1,education,3/6/2024,rejected,6/7/2024
96,504828.8,770,663333.02,87,1.26,debt consolidation,8/16/2023,approved,4/3/2025
97,422532.58,432,493771.32,2,11.5,education,2/13/2024,pending,1/14/2025
98,151945.33,621,331011.14,267,20.79,home improvement,3/16/2024,pending,5/19/2025
99,739355.68,430,894390.74,41,23.81,home improvement,4/8/2024,rejected,9/2/2024
100,724856.29,664,921015.2,328,23.95,home improvement,11/15/2023,approved,5/23/2025
101,949486.83,486,928809.47,246,6.6,education,6/11/2024,rejected,1/13/2024
102,334041.07,472,157805.48,331,11.67,debt consolidation,11/13/2024,pending,12/14/2025
103,156374.1,788,43046.07,91,20.76,debt consolidation,4/29/2024,pending,7/18/2024
104,666133.4,816,239368.1,94,0.1,home improvement,8/15/2023,rejected,11/23/2024
105,142429.96,813,240467.04,172,17.03,debt consolidation,9/30/2023,rejected,1/25/2025
106,500563.02,679,277326.39,258,15.06,debt consolidation,7/17/2023,pending,10/17/2025
107,433330.62,490,201749.12,209,23.7,education,10/17/2023,pending,4/12/2025
108,737916.71,755,215470.27,85,20.42,debt consolidation,3/6/2024,rejected,3/15/2025
109,504892.02,591,158091.85,327,8.77,debt consolidation,6/19/2023,approved,9/20/2024
110,464207.88,419,655380.86,261,27.75,home improvement,7/30/2022,rejected,7/29/2025
111,71375.88,591,950023.64,306,1.72,debt consolidation,9/11/2023,pending,3/24/2025
112,336006.51,480,408354.65,139,11.43,home improvement,11/23/2024,rejected,8/28/2024
113,182054.65,826,981179.7,214,6.88,home improvement,9/2/2023,approved,5/7/2025
114,555046.34,411,68630.59,296,26.75,education,3/2/2022,approved,5/8/2024
115,173520.89,844,498401.22,303,20.09,home improvement,7/9/2024,pending,1/24/2024
116,30419.71,525,581688.0,89,9.88,debt consolidation,8/17/2024,approved,6/10/2024
117,134180.69,728,588994.56,126,21.46,education,8/3/2024,pending,7/12/2024
118,277876.15,580,895819.34,337,12.85,debt consolidation,3/20/2023,approved,7/25/2024
119,832927.96,366,382510.21,100,18.79,debt consolidation,5/18/2022,approved,8/27/2024
120,805055.23,433,105509.16,174,10.95,home improvement,5/28/2023,approved,3/30/2025
121,986588.95,625,151949.03,192,11.48,debt consolidation,3/19/2022,rejected,6/28/2024
122,373348.81,714,192431.32,35,3.55,debt consolidation,6/6/2023,approved,4/12/2024
123,284341.28,736,784086.68,105,13.83,education,9/16/2022,approved,2/27/2024
124,693964.93,770,159069.32,245,18.15,debt consolidation,7/6/2022,approved,2/19/2024
125,156938.87,750,492571.13,40,27.77,education,3/4/2022,approved,12/29/2025
126,357984.8,495,380366.65,159,7.82,education,7/16/2024,pending,5/13/2024
127,799224.4,639,592539.86,307,20.52,home improvement,6/10/2024,rejected,4/22/2024
128,528319.37,833,624327.75,165,28.0,debt consolidation,2/19/2022,pending,6/12/2024
129,201663.11,503,734930.71,76,21.67,debt consolidation,10/4/2023,approved,2/16/2024
130,878981.64,618,434205.43,161,4.15,home improvement,4/4/2024,rejected,7/17/2025
131,896333.95,442,613477.99,301,21.47,debt consolidation,2/17/2024,approved,6/4/2024
132,618701.18,321,238207.47,343,23.42,education,9/2/2024,pending,6/1/2024
133,518349.52,444,670894.97,259,1.3,home improvement,11/17/2023,approved,3/6/2025
134,843469.74,800,41138.24,298,0.25,education,7/1/2023,pending,9/17/2025
135,542002.84,823,879511.18,349,4.9,education,7/5/2023,approved,6/13/2024
136,826677.01,647,107816.94,56,20.55,debt consolidation,6/2/2022,approved,10/31/2025
137,351337.7,475,559816.81,61,18.9,education,12/28/2024,pending,10/9/2024
138,946873.83,402,976023.94,181,5.03,education,9/9/2022,approved,3/26/2025
139,42310.05,576,858515.28,212,12.0,home improvement,6/15/2024,rejected,10/17/2025
140,130612.92,660,790417.85,105,1.63,home improvement,7/15/2023,pending,11/21/2024
141,427358.3,664,933627.88,257,10.04,home improvement,4/7/2022,pending,10/2/2025
142,871377.46,767,617719.85,26,0.83,education,9/8/2023,pending,6/23/2024
143,267104.13,679,952925.68,85,26.7,home improvement,2/24/2024,pending,8/17/2025
144,852916.88,416,885532.7,205,24.76,debt consolidation,3/20/2024,pending,12/4/2025
145,774173.41,580,143327.95,223,4.03,education,10/2/2023,approved,12/23/2024
146,670294.95,702,830964.17,128,0.29,home improvement,6/28/2024,approved,12/16/2025
147,710875.61,733,444664.57,304,2.57,home improvement,1/15/2022,rejected,11/10/2025
148,310841.89,626,589389.34,301,12.36,home improvement,1/8/2022,rejected,2/12/2025
149,612761.1,547,193527.11,74,7.1,home improvement,3/20/2024,pending,11/15/2025
150,180771.37,814,315375.47,339,26.8,education,11/4/2022,approved,2/16/2025
151,900034.78,844,92611.12,287,9.63,home improvement,11/16/2024,rejected,1/6/2025
152,47696.57,354,757586.29,310,9.01,education,8/18/2024,pending,6/18/2024
153,629932.48,492,852308.15,64,22.01,debt consolidation,8/28/2023,rejected,7/26/2025
154,574599.23,674,9285.1,160,18.4,home improvement,2/8/2023,approved,5/21/2024
155,25922.5,790,412562.38,327,28.93,education,9/26/2022,pending,1/19/2025
156,298311.01,372,993444.34,268,21.89,education,7/26/2022,approved,9/10/2025
157,900154.43,693,161877.22,309,29.13,debt consolidation,8/11/2024,pending,10/8/2025
158,165525.32,347,256884.84,359,29.14,debt consolidation,1/5/2024,rejected,3/16/2025
159,714908.9,453,277359.39,162,11.93,home improvement,12/28/2022,pending,10/14/2025
160,252824.03,533,363529.69,315,23.11,home improvement,11/22/2022,approved,8/8/2025
161,478495.06,749,910458.57,351,0.92,home improvement,2/17/2024,approved,12/8/2024
162,844421.62,307,828742.76,237,19.69,education,12/22/2023,approved,5/15/2024
163,511215.84,418,711901.97,145,25.2,debt consolidation,9/8/2023,approved,10/18/2025
164,584713.41,575,223180.68,156,25.47,education,10/4/2023,approved,10/9/2024
165,460897.5,811,439701.56,360,27.61,debt consolidation,10/16/2023,approved,9/18/2024
166,162481.16,535,338866.98,229,20.57,home improvement,6/16/2024,pending,8/12/2025
167,746370.05,759,802101.39,53,14.25,debt consolidation,5/14/2022,pending,6/19/2024
168,357196.31,540,975168.7,299,6.25,home improvement,6/20/2024,approved,1/31/2024
169,655760.3,479,935068.86,113,25.03,education,3/24/2022,rejected,8/15/2025
170,843485.58,311,565586.35,42,12.31,debt consolidation,6/17/2024,pending,6/15/2025
171,904429.59,322,455323.71,31,5.61,education,12/13/2022,approved,5/27/2025
172,608162.6,412,713019.86,105,11.13,home improvement,6/3/2024,approved,8/18/2025
173,417987.15,617,559305.55,306,26.66,home improvement,9/21/2023,rejected,3/11/2025
174,508677.82,558,262672.05,146,19.59,debt consolidation,10/25/2024,rejected,10/24/2024
175,260341.09,640,727322.65,336,24.43,home improvement,4/22/2022,pending,12/9/2025
176,478321.38,469,293470.06,218,4.38,home improvement,12/11/2024,approved,7/13/2024
177,440590.72,426,307877.2,206,22.66,education,12/11/2023,approved,3/13/2025
178,851003.93,838,289461.46,302,23.66,debt consolidation,3/31/2022,pending,3/31/2025
179,360467.17,453,212829.91,360,27.07,debt consolidation,12/7/2024,pending,3/31/2025
180,574828.15,377,758214.19,184,28.67,debt consolidation,6/18/2022,approved,3/1/2025
181,698267.9,423,959573.82,110,9.52,home improvement,10/23/2024,rejected,8/18/2024
182,669007.5,689,197554.86,215,12.64,debt consolidation,5/31/2023,approved,6/25/2024
183,313939.17,590,845349.62,317,12.18,debt consolidation,6/29/2023,approved,11/30/2025
184,134783.59,437,892820.01,116,17.08,education,12/10/2022,rejected,2/5/2025
185,313399.15,696,657157.2,80,19.75,education,9/12/2022,rejected,8/18/2025
186,130748.11,745,103352.73,118,8.91,home improvement,5/10/2023,rejected,5/29/2025
187,918372.7,695,124433.78,219,24.94,home improvement,4/23/2023,pending,10/10/2024
188,391794.21,469,512337.75,320,17.43,debt consolidation,10/9/2022,pending,8/14/2024
189,843420.03,389,567650.92,85,8.7,debt consolidation,8/19/2023,pending,6/11/2025
190,242446.02,534,716715.42,77,1.28,debt consolidation,3/9/2023,approved,11/5/2025
191,206521.8,629,516616.43,268,28.34,education,10/24/2024,approved,4/5/2024
192,629924.99,354,50279.14,348,20.12,education,11/25/2023,pending,5/14/2025
193,995471.8,793,118643.59,237,0.23,home improvement,8/10/2022,pending,10/5/2024
194,418863.91,386,535983.99,84,0.63,home improvement,2/29/2024,rejected,7/20/2024
195,520534.89,640,592072.31,218,23.61,education,3/30/2022,pending,2/13/2024
196,166131.9,818,205476.07,280,26.48,education,2/20/2022,approved,6/26/2025
197,95952.69,768,426815.0,66,18.51,debt consolidation,6/21/2022,rejected,8/2/2025
198,826119.55,701,963608.61,247,16.32,education,12/10/2023,approved,8/2/2025
199,428732.14,618,982668.07,277,28.4,debt consolidation,3/28/2024,approved,12/22/2024
200,714819.35,543,883077.73,140,19.33,home improvement,6/3/2023,pending,9/22/2024
201,836274.11,849,692127.78,342,29.69,education,2/20/2023,approved,8/19/2025
202,120988.14,741,734932.09,187,4.98,debt consolidation,6/26/2023,pending,10/25/2025
203,311395.24,581,858756.74,279,11.45,home improvement,10/11/2022,rejected,4/13/2024
204,827470.52,783,508427.28,13,20.79,debt consolidation,11/24/2023,rejected,6/17/2025
205,629258.99,774,112211.17,38,16.91,education,12/1/2024,pending,7/16/2024
206,998544.04,410,52799.66,201,4.06,home improvement,9/28/2024,approved,5/23/2024
207,683695.96,778,910583.83,237,13.85,education,3/20/2022,approved,1/7/2024
208,714974.38,395,758180.06,211,23.37,debt consolidation,8/6/2023,approved,2/7/2025
209,452289.04,603,79297.12,141,1.39,home improvement,6/26/2023,pending,11/30/2024
210,216543.97,800,776681.12,133,13.58,home improvement,11/17/2024,approved,5/29/2024
211,501284.46,554,589804.09,349,15.32,debt consolidation,1/26/2022,pending,11/19/2024
212,328975.6,691,389506.18,218,29.55,education,6/3/2022,pending,1/22/2024
213,831041.99,778,166343.31,176,21.03,home improvement,12/28/2022,pending,2/27/2025
214,648974.79,380,135438.53,99,29.14,education,10/15/2022,rejected,9/23/2025
215,530004.62,699,492064.1,219,22.14,home improvement,10/11/2024,pending,12/29/2024
216,283428.66,780,875636.6,144,16.26,debt consolidation,10/11/2024,rejected,8/31/2025
217,113456.36,376,40962.92,272,4.7,home improvement,1/6/2022,rejected,8/4/2024
218,607510.24,477,531451.07,130,0.55,education,9/30/2023,rejected,2/23/2025
219,866148.76,784,940234.72,214,7.28,education,2/11/2023,pending,6/23/2024
220,22616.61,763,517435.56,259,25.35,education,4/5/2024,rejected,9/9/2025
221,912574.35,307,332744.19,243,13.27,education,10/13/2023,rejected,4/7/2024
222,630941.19,365,63586.68,330,22.13,education,7/7/2023,rejected,6/1/2025
223,752766.34,619,914840.47,342,19.1,education,7/18/2023,rejected,11/6/2024
224,807285.38,319,128094.85,145,17.72,education,11/18/2024,rejected,5/27/2024
225,486010.65,494,181860.62,344,11.14,home improvement,6/12/2022,approved,11/18/2025
226,739830.4,741,350559.35,196,13.18,education,5/13/2023,pending,6/25/2024
227,919990.83,490,270681.98,87,19.4,debt consolidation,6/30/2023,approved,12/13/2025
228,413240.06,629,649911.22,318,28.14,education,4/15/2023,rejected,6/26/2025
229,20267.72,429,545824.68,278,4.37,debt consolidation,12/6/2023,pending,9/7/2024
230,802689.77,453,961907.4,174,26.03,home improvement,6/7/2024,rejected,7/26/2024
231,182761.77,731,665267.8,135,25.91,home improvement,6/19/2023,pending,5/4/2025
232,842516.06,505,200030.51,37,11.89,education,10/31/2022,approved,9/8/2025
233,375286.14,661,49646.67,55,17.05,education,3/15/2022,approved,5/10/2024
234,843145.47,655,667104.75,155,8.1,education,6/24/2024,approved,2/10/2025
235,144901.39,378,389220.03,146,23.34,home improvement,12/8/2022,approved,1/4/2025
236,38481.06,771,211222.31,273,28.66,education,12/14/2022,pending,5/14/2025
237,312085.73,513,425732.7,312,15.1,education,11/19/2023,approved,7/23/2024
238,919596.3,633,710640.9,54,24.48,debt consolidation,7/13/2024,pending,7/23/2024
239,689831.29,530,900045.77,123,17.31,education,12/16/2022,rejected,2/20/2024
240,753234.82,352,185968.23,82,25.65,debt consolidation,12/29/2024,rejected,2/17/2025
241,577647.88,480,746099.2,311,16.93,home improvement,4/5/2023,rejected,12/27/2025
242,319314.42,598,8776.82,49,0.07,education,6/20/2022,pending,10/25/2024
243,85737.76,583,755302.16,113,12.59,debt consolidation,6/2/2023,approved,6/13/2024
244,992853.88,337,824718.25,313,3.6,education,3/27/2023,rejected,3/13/2025
245,66783.03,590,506549.59,36,2.96,home improvement,2/24/2022,approved,3/5/2024
246,524274.37,501,265644.38,264,28.22,debt consolidation,3/22/2022,rejected,5/26/2025
247,624972.1,534,676120.87,197,22.8,home improvement,8/21/2022,approved,9/11/2024
248,698357.47,545,264374.14,268,13.19,home improvement,9/8/2023,approved,2/1/2025
249,337388.64,707,159340.06,143,14.43,home improvement,7/23/2022,pending,8/12/2025
250,945560.65,814,17962.44,123,22.56,debt consolidation,9/13/2022,approved,2/17/2024
251,959465.02,459,453220.6,291,0.17,debt consolidation,8/8/2022,pending,7/31/2024
252,569450.45,835,683704.61,317,5.95,home improvement,3/7/2024,rejected,12/3/2025
253,889428.2,774,125408.68,88,7.32,education,8/28/2024,pending,10/16/2025
254,236250.64,541,650834.49,236,12.08,home improvement,11/24/2022,approved,6/30/2024
255,697769.48,831,600784.17,248,3.47,education,9/15/2022,rejected,7/30/2024
256,344594.71,747,600813.98,36,26.36,home improvement,10/9/2022,approved,4/6/2024
257,169958.63,598,619169.31,111,2.99,debt consolidation,1/23/2022,rejected,9/21/2024
258,935006.88,791,859084.77,244,29.73,home improvement,4/11/2023,pending,11/24/2024
259,247301.08,665,300461.98,79,28.36,debt consolidation,5/14/2022,rejected,11/20/2025
260,164893.59,468,77252.05,318,1.49,home improvement,9/15/2022,approved,3/24/2025
261,694513.65,693,928069.6,329,6.02,debt consolidation,11/12/2022,pending,11/3/2024
262,236966.99,314,65834.93,62,14.17,home improvement,7/29/2022,rejected,3/19/2024
263,706429.75,338,887026.39,45,25.26,debt consolidation,5/22/2023,approved,6/16/2025
264,734303.15,570,482098.01,190,9.26,education,12/26/2024,rejected,6/15/2024
265,566128.05,352,737763.75,296,12.67,home improvement,1/25/2022,approved,3/1/2025
266,977304.19,551,63509.33,135,11.15,home improvement,10/1/2024,pending,2/7/2025
267,921482.34,504,367817.35,126,12.73,education,12/29/2024,approved,12/9/2025
268,934795.79,556,565611.17,33,15.35,debt consolidation,2/21/2023,approved,3/22/2024
269,816016.81,484,896503.76,291,28.07,debt consolidation,10/13/2023,rejected,9/15/2025
270,596483.48,714,80296.74,30,20.59,education,6/23/2022,pending,9/2/2024
271,460792.13,614,845005.51,146,25.19,education,3/22/2022,rejected,6/24/2025
272,317231.35,736,773005.71,126,29.76,education,7/3/2022,rejected,4/30/2025
273,960792.55,482,883742.2,274,9.94,debt consolidation,2/21/2024,approved,9/11/2024
274,615766.16,628,224077.56,251,28.86,debt consolidation,6/26/2022,rejected,10/31/2024
275,989401.16,487,339973.94,142,1.3,debt consolidation,8/12/2022,rejected,8/22/2024
276,529046.56,572,1188.9,105,7.32,debt consolidation,5/2/2022,approved,9/26/2024
277,445255.59,407,167728.48,295,10.71,debt consolidation,7/11/2023,approved,8/12/2025
278,853480.64,568,243808.21,86,17.5,education,3/18/2024,rejected,5/22/2024
279,351226.81,702,536798.31,155,24.16,home improvement,8/11/2023,rejected,5/27/2025
280,577112.77,385,775429.47,24,1.71,home improvement,12/1/2024,approved,9/24/2025
281,564453.93,716,1429.01,38,18.2,debt consolidation,7/13/2024,approved,6/17/2024
282,111704.64,653,568589.14,154,11.63,education,3/15/2022,rejected,10/16/2025
283,987313.95,483,360452.14,222,22.13,education,1/23/2024,rejected,6/16/2024
284,808751.16,719,404306.37,103,6.73,education,11/5/2023,approved,6/10/2025
285,212264.99,772,104929.59,317,8.99,education,1/16/2024,approved,3/28/2024
286,964399.15,690,468909.2,66,17.62,home improvement,8/13/2022,rejected,2/15/2025
287,557273.96,566,773614.62,166,19.25,home improvement,9/2/2023,approved,7/23/2025
288,242652.66,555,618356.99,344,7.61,debt consolidation,8/8/2022,approved,1/17/2024
289,258411.42,815,28852.73,299,11.46,home improvement,10/2/2023,rejected,4/12/2024
290,115378.69,423,70657.85,233,20.47,debt consolidation,12/10/2022,pending,3/23/2024
291,857799.02,382,652881.47,296,13.16,education,7/21/2022,rejected,12/18/2025
292,920961.97,644,629569.93,301,8.77,education,6/3/2024,rejected,1/14/2024
293,983120.76,754,92763.98,187,9.09,debt consolidation,1/17/2023,rejected,4/25/2025
294,523522.64,722,951785.04,316,25.18,home improvement,8/12/2022,rejected,3/29/2025
295,669581.99,423,876991.25,7,29.71,debt consolidation,12/5/2022,rejected,3/7/2025
296,282894.75,765,442767.63,76,13.39,home improvement,1/3/2023,approved,11/17/2024
297,118143.28,740,89273.69,71,2.17,education,8/18/2024,approved,11/6/2024
298,92779.01,570,825814.7,301,10.29,education,1/10/2022,rejected,6/16/2024
299,416564.79,337,747142.4,163,27.25,education,7/10/2024,rejected,11/10/2025
300,196979.21,310,882724.28,145,4.11,debt consolidation,6/13/2024,approved,6/16/2024
301,265443.89,648,698043.73,143,1.8,home improvement,7/14/2024,rejected,12/5/2024
302,847058.71,711,681428.48,19,3.9,home improvement,7/26/2024,pending,9/14/2024
303,772988.67,825,448147.98,87,5.11,home improvement,5/30/2022,approved,5/1/2024
304,352484.39,613,662135.04,209,11.9,education,5/3/2023,pending,12/21/2025
305,843381.31,770,649342.66,336,2.64,home improvement,3/4/2022,pending,7/18/2024
306,638596.63,621,333053.11,75,5.43,education,9/10/2023,pending,7/15/2025
307,170403.56,333,921021.23,315,19.26,education,9/16/2024,approved,5/31/2025
308,678264.04,699,901641.67,346,19.06,debt consolidation,11/5/2023,rejected,12/7/2024
309,665717.95,636,631964.18,264,10.42,home improvement,4/30/2022,pending,11/4/2024
310,431689.38,533,382612.65,312,16.48,education,12/29/2024,rejected,12/22/2025
311,615785.45,574,669370.88,231,21.5,home improvement,2/2/2024,rejected,2/15/2024
312,698467.76,641,981806.44,210,10.64,debt consolidation,9/26/2022,pending,8/30/2025
313,589012.43,678,557529.99,293,13.11,home improvement,3/25/2024,approved,3/21/2024
314,184413.62,524,173360.2,261,29.11,debt consolidation,11/26/2022,approved,10/24/2025
315,598606.8,545,431653.12,43,11.81,debt consolidation,2/28/2022,rejected,4/3/2025
316,430656.58,450,913546.91,34,6.13,home improvement,8/18/2024,approved,1/29/2025
317,416203.84,832,336759.9,337,6.88,education,4/23/2022,rejected,1/15/2025
318,240184.75,669,494890.11,290,7.55,home improvement,7/22/2022,rejected,2/5/2025
319,40961.47,747,923979.06,69,10.1,home improvement,9/26/2022,rejected,11/22/2025
320,543144.07,370,426284.91,8,7.67,debt consolidation,6/16/2022,approved,7/6/2025
321,245535.29,849,785272.83,27,17.09,education,5/14/2023,rejected,2/9/2025
322,172833.88,336,582735.37,244,15.28,debt consolidation,5/19/2023,rejected,4/1/2024
323,921541.75,589,585008.78,159,28.04,debt consolidation,3/19/2022,pending,5/2/2024
324,466099.97,593,147873.87,315,10.3,education,2/27/2024,pending,8/20/2024
325,332030.21,506,87968.41,132,5.08,education,8/12/2023,pending,5/18/2024
326,587755.62,325,887352.26,63,9.31,education,7/11/2023,rejected,3/17/2024
327,480871.28,573,127076.58,105,18.54,home improvement,7/2/2023,rejected,12/5/2025
328,806725.89,352,605631.76,156,0.32,home improvement,7/27/2024,pending,11/13/2025
329,609436.36,371,812850.82,41,24.64,home improvement,3/31/2023,rejected,2/16/2025
330,383067.26,437,468559.71,23,27.07,home improvement,7/1/2024,pending,9/7/2025
331,934081.47,813,200554.96,97,28.68,education,9/21/2023,rejected,2/21/2024
332,644835.88,743,888406.49,309,14.66,debt consolidation,3/21/2023,pending,10/17/2025
333,375443.81,536,441379.92,54,24.76,home improvement,11/6/2022,pending,6/18/2025
334,566480.45,523,991082.04,239,7.74,home improvement,6/9/2024,approved,6/4/2025
335,882810.41,737,972615.33,127,14.64,education,12/17/2023,rejected,7/1/2024
336,551970.45,446,503455.83,335,6.29,home improvement,6/9/2022,rejected,3/8/2024
337,570681.45,823,223912.29,89,22.86,debt consolidation,12/16/2024,approved,4/19/2024
338,856921.02,342,975025.17,105,29.68,debt consolidation,3/30/2024,rejected,7/16/2025
339,403972.54,799,520027.56,109,23.87,debt consolidation,1/8/2024,approved,1/11/2025
340,855261.9,773,171459.06,24,16.48,home improvement,7/22/2024,rejected,1/13/2025
341,525428.21,489,519069.1,238,26.48,debt consolidation,10/19/2023,pending,12/23/2025
342,208931.92,458,387752.01,343,17.52,home improvement,3/7/2023,rejected,8/29/2025
343,58540.92,414,770250.47,32,21.12,debt consolidation,10/23/2023,rejected,8/14/2025
344,646168.5,731,280575.19,86,12.78,debt consolidation,1/7/2024,pending,4/14/2024
345,503307.72,577,701476.36,203,11.05,debt consolidation,11/9/2023,pending,7/18/2024
346,425703.69,673,914704.15,141,17.41,education,9/26/2024,approved,5/28/2025
347,454630.1,640,162156.45,272,0.56,debt consolidation,7/31/2023,rejected,4/30/2025
348,605419.89,472,926615.15,116,3.84,debt consolidation,3/14/2023,rejected,11/28/2025
349,485728.75,560,918604.99,277,25.29,education,7/24/2022,approved,1/20/2025
350,819259.47,698,428624.11,261,10.6,home improvement,10/20/2024,pending,8/19/2025
351,151181.78,849,124382.1,192,10.77,education,1/25/2022,rejected,12/1/2025
352,163943.18,475,119261.51,268,11.7,education,11/4/2022,approved,10/16/2024
353,363163.61,418,470851.65,2,9.41,debt consolidation,7/22/2022,approved,1/25/2025
354,225190.86,618,358736.1,333,21.88,education,2/2/2023,pending,10/31/2024
355,531042.43,789,73731.84,182,9.8,education,8/24/2022,pending,11/26/2024
356,989717.84,838,971896.72,277,8.11,home improvement,2/2/2024,approved,8/10/2024
357,843986.56,498,348907.99,73,17.56,home improvement,5/19/2022,rejected,5/12/2025
358,635654.2,404,121663.98,28,1.37,education,1/17/2024,rejected,4/15/2024
359,504273.9,842,885986.2,20,7.88,debt consolidation,12/12/2024,rejected,8/21/2024
360,577649.96,617,593309.84,185,27.46,home improvement,7/15/2023,pending,11/17/2024
361,920018.66,580,9411.39,186,7.54,debt consolidation,4/27/2023,pending,5/6/2024
362,163801.68,703,137658.98,22,22.92,home improvement,4/28/2023,approved,4/26/2024
363,656014.08,541,406381.16,17,27.92,debt consolidation,7/7/2024,pending,12/29/2025
364,154080.04,591,713232.14,251,16.13,debt consolidation,6/15/2023,rejected,9/3/2024
365,619591.27,561,365672.4,238,20.23,debt consolidation,8/27/2023,approved,8/19/2024
366,168272.52,795,621869.02,1,5.96,education,11/6/2024,approved,6/13/2025
367,658680.76,369,140214.8,311,24.18,education,11/18/2023,approved,3/22/2024
368,464506.23,593,564941.78,120,18.19,debt consolidation,7/26/2023,pending,1/10/2025
369,739845.73,347,322508.72,213,20.66,home improvement,6/25/2023,pending,5/31/2025
370,148095.6,522,652874.29,92,6.54,debt consolidation,9/2/2023,pending,10/10/2024
371,275051.63,538,490899.33,129,1.32,education,1/25/2024,rejected,6/15/2025
372,661211.84,753,387822.76,57,22.57,debt consolidation,5/1/2023,pending,5/11/2024
373,376184.38,706,382987.28,102,16.69,education,7/31/2024,pending,2/15/2024
374,579583.24,346,797613.69,52,29.67,education,4/11/2022,approved,3/4/2024
375,172086.37,839,940060.44,343,12.5,home improvement,11/2/2023,pending,12/20/2025
376,736394.44,396,720497.87,52,17.23,home improvement,8/17/2022,approved,9/16/2025
377,762203.43,631,977296.48,164,9.55,home improvement,12/17/2023,approved,12/18/2025
378,773917.11,816,36259.31,202,13.51,debt consolidation,6/19/2023,pending,5/3/2025
379,438799.71,515,200027.84,120,8.89,home improvement,11/29/2022,approved,9/29/2024
380,595707.92,420,119888.52,338,0.08,home improvement,3/30/2024,approved,2/14/2025
381,493684.48,681,100905.73,346,17.01,education,1/15/2023,pending,3/5/2024
382,184808.59,657,158449.15,256,24.68,home improvement,4/26/2022,pending,10/26/2024
383,662358.43,850,207073.37,332,15.45,home improvement,9/1/2023,approved,2/11/2024
384,434585.83,399,791587.48,304,2.85,home improvement,10/17/2022,pending,4/8/2025
385,754840.49,431,8235.1,112,7.19,debt consolidation,12/9/2023,rejected,11/4/2025
386,640913.79,523,136612.51,355,14.86,education,4/22/2023,rejected,4/26/2025
387,628222.96,666,461155.98,176,21.5,debt consolidation,10/27/2024,pending,1/16/2025
388,189139.17,588,273340.53,334,15.77,home improvement,1/4/2024,pending,3/6/2024
389,257660.5,617,134370.25,142,25.97,education,4/3/2023,rejected,5/13/2025
390,68519.38,841,664136.88,269,27.88,debt consolidation,3/17/2022,pending,7/17/2025
391,863622.27,723,606966.72,107,6.04,home improvement,8/3/2022,pending,5/22/2024
392,964538.8,366,395611.98,143,2.52,home improvement,7/17/2023,pending,4/17/2024
393,859760.16,693,74227.17,46,6.09,education,9/21/2022,rejected,1/17/2024
394,89934.97,795,337404.87,172,25.03,home improvement,3/10/2024,pending,3/17/2025
395,894054.94,477,565529.75,108,23.1,education,6/9/2024,rejected,3/6/2025
396,644351.09,488,395913.24,106,2.97,education,11/12/2023,approved,11/26/2024
397,985966.01,686,402694.93,79,26.87,home improvement,6/6/2023,approved,7/21/2024
398,843197.11,519,240803.12,151,5.3,home improvement,2/24/2023,pending,9/10/2025
399,459621.78,843,673761.46,20,13.56,debt consolidation,1/27/2022,approved,11/15/2025
400,732912.56,519,269835.27,322,12.78,education,8/15/2022,pending,10/1/2024
401,265225.74,822,264812.58,140,5.38,debt consolidation,4/11/2022,pending,5/18/2024
402,135734.19,674,40524.11,144,29.76,home improvement,3/23/2023,pending,5/3/2025
403,604177.96,469,566398.39,205,12.83,education,7/20/2022,approved,5/1/2025
404,957260.85,366,114452.55,86,6.89,debt consolidation,7/13/2022,approved,2/24/2024
405,118968.92,425,713753.51,54,21.22,home improvement,1/21/2022,rejected,8/6/2024
406,630147.9,626,879423.23,140,12.22,debt consolidation,9/10/2023,approved,1/22/2025
407,516640.4,374,233590.15,223,16.88,home improvement,2/25/2024,pending,1/7/2024
408,994918.51,732,327635.42,106,16.96,debt consolidation,6/28/2022,approved,5/9/2025
409,569489.19,339,790558.18,190,9.09,education,4/21/2023,rejected,12/25/2025
410,440501.87,652,766522.96,273,3.33,education,4/24/2022,pending,11/29/2024
411,950381.4,492,202446.06,150,23.21,debt consolidation,1/27/2022,rejected,5/23/2025
412,475304.78,539,525203.8,219,24.64,debt consolidation,11/4/2024,approved,10/17/2025
413,359690.43,602,97711.28,4,14.75,home improvement,11/2/2024,rejected,10/18/2025
414,920983.85,583,449740.27,176,29.58,debt consolidation,5/15/2024,pending,5/6/2024
415,675187.22,407,918993.24,79,29.16,home improvement,7/10/2022,pending,6/11/2024
416,955419.13,301,213458.18,258,20.54,home improvement,3/30/2024,pending,7/2/2025
417,402779.36,477,94493.57,280,19.18,debt consolidation,8/11/2024,pending,6/13/2024
418,124400.63,808,335174.68,8,4.26,debt consolidation,4/30/2022,rejected,6/13/2024
419,617037.71,839,732119.77,132,10.06,debt consolidation,3/30/2023,approved,9/11/2025
420,184472.66,836,827025.92,202,2.71,debt consolidation,2/22/2024,rejected,2/9/2024
421,736997.79,850,372713.79,252,19.2,education,2/20/2022,rejected,5/28/2024
422,493340.18,754,43928.48,112,20.32,debt consolidation,2/19/2023,approved,1/7/2024
423,884753.48,428,60971.56,82,2.55,home improvement,5/26/2024,rejected,10/2/2025
424,573048.82,819,561052.48,124,12.01,home improvement,5/1/2024,pending,7/9/2025
425,877058.17,514,581144.47,319,7.71,home improvement,7/25/2024,approved,6/15/2024
426,694982.57,402,265450.18,37,26.04,education,2/2/2024,pending,11/15/2024
427,878874.51,460,596519.58,71,3.28,home improvement,3/4/2022,approved,3/22/2024
428,988122.78,606,594065.19,143,17.87,education,5/13/2024,rejected,5/5/2024
429,896262.37,429,517410.55,135,10.16,home improvement,3/11/2023,approved,11/5/2024
430,861304.48,562,267977.14,58,29.79,education,5/26/2022,rejected,8/5/2025
431,916762.18,659,395751.68,265,27.71,education,2/23/2022,pending,4/8/2024
432,572167.52,488,55193.32,61,17.89,education,1/15/2022,pending,11/28/2024
433,564876.74,806,352520.31,245,27.12,education,4/16/2023,rejected,12/8/2024
434,186327.56,317,428327.23,338,21.62,education,7/26/2023,approved,2/27/2025
435,681607.31,544,589687.96,80,12.02,debt consolidation,10/12/2024,approved,6/1/2024
436,584667.83,434,132339.3,111,9.7,debt consolidation,12/26/2023,approved,11/7/2024
437,378460.73,720,989128.76,189,25.35,education,5/15/2022,pending,8/11/2024
438,148562.7,402,988896.96,154,11.2,debt consolidation,10/17/2023,pending,9/4/2025
439,568908.12,484,858795.14,144,24.51,home improvement,9/20/2024,approved,3/30/2025
440,929269.75,770,378073.63,124,29.22,home improvement,4/14/2022,rejected,6/5/2024
441,73240.81,541,315959.08,152,11.11,education,4/21/2023,approved,3/11/2024
442,46911.96,332,21146.77,176,7.15,debt consolidation,8/29/2023,rejected,7/31/2024
443,811963.2,558,844793.58,265,13.5,home improvement,6/23/2023,rejected,3/8/2024
444,564186.79,490,975660.65,268,16.99,education,9/9/2022,pending,6/9/2024
445,838392.2,766,131897.92,243,17.55,education,7/31/2022,approved,7/29/2025
446,290590.67,589,299301.87,111,20.3,education,5/4/2024,approved,1/22/2025
447,758896.74,450,385262.75,237,6.3,home improvement,5/10/2023,approved,3/29/2024
448,58769.38,706,208874.47,34,6.31,debt consolidation,3/13/2022,pending,5/27/2025
449,9135.85,565,496112.89,142,22.01,debt consolidation,4/25/2023,pending,4/15/2025
450,581945.1,802,693901.66,347,17.85,debt consolidation,7/15/2024,pending,2/19/2024
451,353442.61,606,240324.22,154,15.93,home improvement,3/8/2024,pending,9/12/2025
452,661577.29,776,456981.38,3,3.91,home improvement,4/3/2024,approved,11/20/2024
453,97908.51,769,977308.15,128,1.54,education,12/27/2023,pending,9/14/2024
454,836975.13,778,503854.35,214,29.68,debt consolidation,2/20/2022,approved,12/16/2024
455,503458.92,539,289667.59,79,15.87,education,4/5/2022,approved,7/21/2024
456,587855.31,482,323244.31,158,17.21,debt consolidation,9/7/2024,rejected,9/6/2025
457,322358.91,628,881513.44,61,7.92,debt consolidation,12/10/2022,approved,2/18/2025
458,122673.9,420,916273.55,146,9.54,home improvement,5/22/2024,pending,11/14/2025
459,962754.69,659,642215.97,36,11.55,home improvement,8/24/2023,pending,3/13/2024
460,402628.31,816,851815.22,181,28.27,home improvement,2/3/2024,approved,11/18/2025
461,530147.79,326,447643.07,105,2.49,home improvement,10/16/2023,approved,2/12/2025
462,873125.64,800,49385.2,162,2.54,home improvement,4/22/2024,rejected,11/18/2025
463,328724.32,627,920998.72,163,7.03,debt consolidation,5/12/2023,approved,11/2/2024
464,355420.02,354,727064.65,1,10.78,debt consolidation,5/15/2023,pending,1/9/2025
465,726579.54,613,873552.23,63,0.8,education,7/23/2022,pending,4/11/2024
466,401098.56,585,501049.88,143,12.25,debt consolidation,2/17/2022,rejected,6/20/2025
467,738773.32,350,519265.68,79,8.78,home improvement,8/5/2023,pending,4/29/2025
468,139868.81,378,910539.12,216,6.07,home improvement,4/13/2023,approved,10/10/2025
469,400283.18,342,226137.15,115,2.45,home improvement,12/11/2022,pending,5/4/2025
470,632553.34,436,602547.63,296,25.73,home improvement,2/21/2023,approved,9/30/2025
471,698794.37,839,777992.07,242,0.97,education,12/5/2023,rejected,12/27/2025
472,943846.35,347,261942.04,224,18.6,home improvement,8/5/2023,rejected,9/29/2025
473,770484.75,426,519517.14,143,15.1,home improvement,3/12/2023,approved,5/14/2025
474,93656.02,645,369871.86,253,10.39,debt consolidation,9/22/2023,approved,5/16/2024
475,449048.48,498,950830.32,272,22.5,home improvement,5/11/2022,rejected,3/13/2024
476,82439.2,737,680305.4,358,2.01,home improvement,6/14/2024,approved,1/18/2024
477,735782.73,459,930579.08,4,25.94,education,8/13/2023,rejected,5/3/2025
478,433559.28,639,679180.13,99,26.26,education,3/29/2023,approved,5/7/2024
479,979586.99,555,144779.42,250,15.38,debt consolidation,9/1/2024,rejected,5/21/2024
480,363213.14,550,155338.96,213,23.98,home improvement,10/19/2023,pending,4/11/2025
481,810213.75,571,127829.47,114,2.73,education,10/27/2022,pending,9/4/2024
482,105091.16,417,370239.56,149,19.02,debt consolidation,1/30/2022,rejected,7/6/2025
483,279584.31,644,257801.5,222,27.79,education,3/8/2024,pending,6/8/2024
484,954241.12,563,686956.09,19,15.19,education,11/3/2022,approved,9/12/2025
485,487099.04,812,364897.5,226,14.5,education,1/26/2024,rejected,10/18/2024
486,819010.96,805,86621.87,360,3.01,education,2/17/2023,rejected,5/29/2024
487,205368.5,327,324153.64,97,23.61,education,1/19/2024,approved,5/10/2025
488,127574.82,697,346356.48,314,7.79,education,12/12/2024,rejected,9/30/2025
489,835665.62,587,327540.22,188,4.27,debt consolidation,1/10/2023,approved,1/16/2025
490,410246.96,779,11132.58,176,1.73,home improvement,11/4/2024,approved,11/18/2024
491,960720.01,343,112405.2,184,2.72,debt consolidation,6/2/2022,rejected,4/22/2025
492,122352.88,815,737683.54,54,27.01,debt consolidation,10/20/2024,rejected,12/17/2024
493,470329.03,423,129266.81,278,29.3,education,3/29/2022,rejected,4/11/2024
494,96247.18,443,595562.77,342,20.12,home improvement,8/17/2022,rejected,9/19/2025
495,3902.9,679,867770.13,240,15.82,debt consolidation,1/6/2024,pending,9/6/2024
496,219101.48,542,519941.54,177,14.0,home improvement,3/28/2024,approved,1/21/2025
497,615803.05,788,714623.15,173,1.4,home improvement,10/2/2022,approved,12/14/2024
498,644189.83,312,115410.31,20,17.37,home improvement,8/2/2023,rejected,5/22/2024
499,886548.49,572,847687.86,30,23.57,home improvement,9/27/2024,pending,12/11/2024
500,398990.82,696,96708.88,57,22.25,home improvement,4/29/2023,rejected,5/11/2024
501,580355.25,712,348791.98,302,27.42,home improvement,7/1/2024,pending,1/19/2025
502,32317.65,496,905519.09,33,16.83,education,9/26/2022,approved,5/20/2025
503,218280.58,467,201119.74,269,5.43,home improvement,12/6/2022,rejected,6/10/2025
504,204594.27,760,219144.84,211,11.62,debt consolidation,4/18/2024,pending,12/19/2025
505,337207.09,828,32766.84,257,23.47,home improvement,5/24/2023,rejected,1/6/2025
506,304408.51,728,102715.13,30,25.5,home improvement,5/24/2022,rejected,6/6/2025
507,12735.55,374,456584.79,275,24.6,home improvement,2/5/2022,rejected,3/10/2025
508,287007.1,800,521228.3,243,8.3,home improvement,3/15/2022,approved,6/2/2024
509,945181.47,732,266918.59,133,8.32,home improvement,11/17/2022,rejected,1/28/2025
510,560574.01,504,880105.88,332,22.44,education,1/29/2022,rejected,10/21/2024
511,576923.61,769,426205.01,168,12.33,debt consolidation,2/24/2022,rejected,5/26/2025
512,118141.76,486,586054.75,344,27.96,debt consolidation,7/1/2022,rejected,10/31/2024
513,30313.77,372,711205.26,50,26.99,education,4/27/2022,rejected,3/3/2024
514,674977.94,668,763324.38,321,11.7,home improvement,8/4/2023,pending,2/27/2025
515,427021.93,520,433860.3,214,20.24,education,11/15/2023,rejected,4/1/2025
516,515866.76,832,234114.95,355,9.38,home improvement,1/27/2024,pending,9/13/2025
517,462172.06,474,234700.53,45,17.28,education,5/20/2023,pending,3/31/2024
518,388379.41,555,251032.81,20,12.71,home improvement,2/16/2022,pending,9/4/2024
519,459777.14,414,53304.35,197,8.81,debt consolidation,7/15/2023,rejected,8/12/2024
520,452153.31,341,971913.28,284,23.13,debt consolidation,2/25/2024,approved,9/23/2024
521,483229.99,666,895168.77,179,28.81,home improvement,6/20/2022,approved,5/2/2024
522,100872.47,391,88940.92,265,24.09,debt consolidation,8/4/2024,rejected,4/23/2024
523,59739.89,314,521643.72,304,4.78,home improvement,10/29/2022,approved,4/11/2024
524,816444.38,650,671917.15,321,6.02,education,5/6/2023,rejected,2/10/2025
525,94724.29,343,363265.63,39,5.57,education,3/6/2023,pending,9/20/2024
526,396378.86,427,310548.03,255,19.52,debt consolidation,3/20/2024,pending,1/23/2025
527,529720.34,791,602655.84,149,24.53,education,10/21/2022,rejected,10/8/2025
528,67733.56,346,635222.66,278,10.74,debt consolidation,12/28/2022,pending,11/29/2024
529,626729.94,823,327255.1,333,6.06,home improvement,2/24/2023,pending,12/18/2024
530,414619.68,744,51132.48,271,3.89,education,5/12/2024,pending,2/16/2024
531,113746.54,394,625248.77,213,20.78,debt consolidation,4/1/2024,rejected,5/19/2024
532,429499.09,330,634171.76,162,9.41,education,12/6/2022,approved,10/23/2024
533,592018.24,343,97419.76,27,27.39,debt consolidation,1/13/2022,approved,4/24/2024
534,995312.87,611,606738.2,35,6.17,home improvement,10/19/2023,rejected,1/14/2024
535,335925.31,396,864381.53,169,15.89,debt consolidation,4/23/2023,rejected,6/4/2024
536,610916.2,331,91369.77,37,23.1,home improvement,8/12/2024,rejected,12/30/2025
537,603268.06,391,596312.34,267,19.81,home improvement,5/29/2022,approved,1/1/2025
538,991370.68,378,970849.83,101,8.26,debt consolidation,2/15/2024,rejected,6/7/2025
539,17789.97,456,251067.99,292,21.65,debt consolidation,12/11/2022,approved,11/27/2025
540,979710.42,669,321429.91,5,13.89,debt consolidation,3/11/2022,rejected,9/25/2024
541,905242.42,455,426454.25,63,12.05,education,12/16/2022,rejected,3/8/2025
542,303782.08,606,555806.54,40,14.63,home improvement,5/23/2023,rejected,2/14/2025
543,855643.02,767,171975.22,291,6.28,education,4/21/2022,approved,8/13/2024
544,379405.11,391,258938.54,279,8.96,debt consolidation,8/5/2022,rejected,5/4/2025
545,146449.74,446,256558.66,330,4.57,debt consolidation,5/12/2022,pending,7/9/2025
546,646851.36,764,911674.89,209,20.46,debt consolidation,1/12/2024,pending,1/3/2024
547,657426.27,650,121101.11,253,15.25,home improvement,5/12/2023,pending,5/8/2025
548,673522.39,373,19131.05,139,15.97,debt consolidation,5/1/2023,pending,1/21/2025
549,682720.0,656,70850.29,313,22.57,education,4/6/2023,rejected,10/11/2024
550,279355.86,515,369779.67,296,13.32,education,7/7/2024,pending,12/15/2025
551,592214.63,840,991956.87,253,10.04,debt consolidation,12/10/2022,rejected,2/11/2025
552,359976.59,337,121502.61,342,6.99,education,7/25/2024,approved,5/27/2025
553,244420.41,386,380077.98,257,18.98,debt consolidation,7/9/2023,pending,10/25/2025
554,533259.4,562,716717.54,115,10.47,home improvement,1/6/2024,pending,1/25/2024
555,124228.67,842,862075.6,136,19.95,education,9/22/2023,rejected,7/21/2024
556,126994.48,419,611684.48,211,8.4,debt consolidation,6/17/2024,rejected,2/14/2025
557,290870.78,567,988753.09,260,15.51,debt consolidation,1/30/2022,rejected,11/30/2025
558,271159.39,401,602529.64,332,21.25,home improvement,2/6/2023,approved,1/3/2025
559,363299.05,378,408455.14,256,12.42,education,1/11/2022,pending,4/22/2025
560,292766.58,335,576856.96,343,28.23,education,12/13/2023,rejected,7/15/2024
561,483145.57,588,512489.44,160,15.8,debt consolidation,12/2/2022,rejected,5/31/2024
562,715115.13,416,770009.81,176,26.85,debt consolidation,1/5/2023,approved,8/6/2024
563,690140.22,743,107123.0,305,14.63,home improvement,6/17/2024,pending,8/26/2024
564,443628.69,623,849051.63,169,23.74,debt consolidation,12/2/2023,approved,6/5/2025
565,453008.67,661,714558.9,348,9.52,debt consolidation,12/14/2023,approved,10/13/2024
566,306931.76,769,909596.13,308,16.61,debt consolidation,3/19/2022,pending,12/10/2024
567,130830.59,505,768433.39,81,23.81,home improvement,4/6/2023,rejected,1/4/2024
568,528514.57,828,151283.94,97,11.71,home improvement,1/6/2024,rejected,3/4/2024
569,531783.42,797,418026.86,146,23.33,debt consolidation,5/16/2024,approved,5/9/2025
570,605937.49,798,711283.78,147,15.1,home improvement,10/16/2024,rejected,1/24/2025
571,57901.78,322,95059.3,61,20.4,debt consolidation,4/14/2022,pending,7/5/2024
572,876778.18,458,785756.08,228,26.34,home improvement,6/19/2023,approved,10/21/2024
573,859854.33,833,208959.12,206,25.07,home improvement,8/7/2022,pending,6/8/2024
574,642028.82,411,420405.51,221,7.25,debt consolidation,2/25/2023,pending,4/18/2025
575,972608.23,592,109520.89,141,12.73,education,6/22/2022,approved,7/24/2024
576,802456.65,818,332849.43,150,0.49,debt consolidation,5/20/2024,rejected,2/19/2025
577,973202.55,417,109337.42,67,23.02,education,6/27/2024,pending,4/21/2024
578,253767.56,733,916370.16,324,21.26,debt consolidation,12/3/2023,rejected,5/11/2024
579,446147.46,834,521493.2,321,27.11,home improvement,6/2/2024,rejected,4/26/2024
580,412652.3,361,369103.48,140,21.22,home improvement,1/30/2024,pending,2/6/2025
581,914367.79,803,789262.83,173,23.21,home improvement,4/17/2023,rejected,9/22/2024
582,891589.48,344,655640.62,151,4.56,education,7/10/2024,rejected,4/27/2024
583,426912.97,526,334267.11,304,13.47,home improvement,9/27/2022,rejected,6/28/2025
584,678213.42,599,682512.01,30,4.79,debt consolidation,11/24/2022,approved,4/23/2024
585,214221.56,722,599484.43,26,10.42,debt consolidation,3/6/2024,approved,3/8/2025
586,5405.8,494,459523.21,11,18.51,debt consolidation,5/2/2024,pending,10/30/2025
587,153678.38,682,820811.11,287,3.74,home improvement,5/18/2023,rejected,7/27/2025
588,13544.87,661,429459.24,176,16.2,debt consolidation,5/30/2024,pending,3/21/2024
589,115487.75,398,112192.61,254,4.62,debt consolidation,3/2/2024,approved,1/4/2025
590,309103.41,372,34882.56,92,14.45,home improvement,8/5/2022,rejected,3/13/2024
591,309025.29,466,664778.4,70,3.84,education,8/17/2023,pending,7/25/2025
592,429223.1,671,494445.52,326,13.15,debt consolidation,1/27/2023,pending,11/11/2025
593,146498.49,713,625697.71,146,1.65,debt consolidation,9/10/2023,rejected,9/26/2024
594,460300.87,785,411701.19,54,10.87,home improvement,1/6/2023,rejected,12/17/2025
595,557444.63,720,924149.24,329,17.72,education,4/20/2023,rejected,5/8/2025
596,619149.31,407,296623.91,146,14.15,debt consolidation,5/30/2022,approved,6/7/2024
597,166171.41,459,248897.67,200,10.97,education,1/29/2023,pending,9/25/2024
598,302837.63,537,881770.66,170,3.6,education,4/18/2022,rejected,8/25/2025
599,339168.42,670,38105.63,332,8.74,education,2/11/2022,pending,3/14/2024
600,982106.32,335,676665.45,223,27.99,home improvement,5/27/2023,approved,9/22/2025
601,899527.91,544,774981.21,278,6.98,home improvement,12/30/2022,approved,11/9/2025
602,95352.79,616,676519.43,285,29.23,debt consolidation,6/17/2022,rejected,6/23/2024
603,158091.23,496,654725.9,359,23.95,home improvement,3/31/2024,rejected,8/24/2024
604,712890.52,686,330927.75,97,2.48,home improvement,4/20/2024,approved,7/16/2024
605,945438.04,436,140288.51,263,20.24,education,11/7/2023,rejected,6/20/2025
606,428822.78,741,463612.71,22,1.87,debt consolidation,5/6/2023,approved,7/7/2025
607,990800.04,371,246176.83,130,1.51,home improvement,12/29/2023,approved,10/2/2025
608,693684.95,569,870846.96,132,7.11,debt consolidation,2/11/2023,approved,9/2/2024
609,219642.7,327,142213.29,222,22.49,education,5/9/2024,pending,5/15/2024
610,482091.85,763,253105.62,149,21.61,education,5/27/2022,approved,7/23/2024
611,309896.31,323,462008.72,127,26.72,education,2/13/2022,pending,3/8/2024
612,198877.41,690,397965.58,241,25.05,home improvement,2/6/2023,approved,12/13/2024
613,655382.17,638,119083.73,23,11.66,debt consolidation,10/22/2023,pending,3/4/2025
614,372863.05,785,745803.57,134,19.02,debt consolidation,9/30/2024,pending,6/18/2024
615,202506.82,755,828760.55,118,27.44,education,4/9/2024,approved,10/15/2024
616,464804.53,585,792721.93,70,23.5,education,11/24/2023,approved,7/8/2024
617,894172.6,719,134993.46,270,22.82,debt consolidation,5/25/2023,approved,3/14/2025
618,843924.74,425,967282.68,111,18.42,debt consolidation,11/18/2024,pending,10/12/2025
619,264893.89,715,427883.84,342,26.9,education,4/25/2022,pending,1/18/2024
620,195096.32,512,983347.55,236,15.72,home improvement,6/26/2024,approved,9/6/2024
621,285410.96,519,763356.43,208,11.34,debt consolidation,9/29/2022,pending,8/29/2025
622,920727.13,807,788359.04,80,20.96,debt consolidation,8/21/2024,pending,1/2/2025
623,291138.54,310,126615.02,226,24.07,debt consolidation,12/16/2022,approved,11/4/2025
624,137934.91,735,814515.08,302,5.94,education,3/9/2023,pending,5/10/2025
625,23274.67,841,927289.1,139,22.79,education,7/4/2024,rejected,2/14/2025
626,640331.39,559,410417.53,115,5.12,education,6/2/2022,approved,2/4/2025
627,205892.72,369,483306.2,360,25.99,home improvement,9/28/2024,approved,5/20/2024
628,536190.61,774,344439.21,276,10.5,debt consolidation,5/31/2024,approved,1/30/2025
629,993598.86,557,677956.53,167,17.58,education,9/22/2022,pending,11/17/2024
630,482941.59,341,863060.45,50,14.4,home improvement,4/28/2023,rejected,10/24/2025
631,2934.5,664,68560.34,322,28.56,debt consolidation,7/3/2023,approved,9/9/2025
632,632245.34,751,176939.13,237,22.46,education,11/8/2024,rejected,9/24/2025
633,234212.15,561,750130.2,291,1.71,home improvement,12/21/2022,pending,2/6/2024
634,664835.23,552,420489.23,273,21.74,education,2/21/2024,approved,11/26/2024
635,501805.07,305,786374.6,260,29.03,debt consolidation,2/14/2022,pending,3/5/2024
636,124248.95,599,867113.94,359,0.26,education,7/10/2023,pending,3/13/2025
637,263457.59,519,141261.77,164,18.88,debt consolidation,10/16/2023,approved,9/6/2024
638,724675.11,793,250517.39,148,2.3,education,8/15/2024,approved,2/7/2024
639,525262.31,321,308101.22,113,16.87,debt consolidation,10/20/2022,rejected,7/19/2024
640,14121.41,641,896000.93,97,18.46,education,3/1/2024,pending,8/10/2024
641,30204.86,460,2332.26,326,0.89,debt consolidation,11/23/2022,rejected,9/20/2025
642,613374.83,603,321510.85,60,4.2,education,8/5/2024,approved,12/13/2025
643,657822.48,836,463764.93,80,7.14,debt consolidation,1/28/2023,approved,7/24/2024
644,536111.6,750,376580.14,202,25.45,education,7/17/2022,pending,8/19/2024
645,435625.24,655,15523.46,37,6.93,home improvement,12/31/2023,rejected,4/3/2024
646,335509.52,782,576286.05,274,29.71,debt consolidation,11/19/2023,pending,10/17/2024
647,741280.52,328,932327.83,79,29.57,debt consolidation,11/9/2024,approved,5/29/2024
648,538065.48,345,646770.89,36,3.27,home improvement,1/16/2023,pending,7/18/2024
649,305569.02,307,729186.22,304,29.0,debt consolidation,6/4/2022,rejected,3/3/2025
650,992790.57,839,537294.74,46,4.39,debt consolidation,4/3/2023,approved,6/6/2024
651,228635.12,628,3358.36,91,27.05,education,11/28/2023,approved,11/22/2024
652,304795.66,719,446106.18,11,21.27,education,4/29/2023,approved,5/16/2024
653,739471.95,398,479952.23,156,7.19,education,2/6/2022,pending,8/6/2025
654,979499.95,728,307544.62,267,16.28,home improvement,4/25/2024,approved,12/18/2024
655,447637.99,512,40655.86,97,13.72,education,11/23/2022,approved,12/20/2025
656,992061.63,505,819374.39,21,10.73,home improvement,6/21/2023,pending,6/16/2025
657,831831.71,611,443410.01,276,29.26,home improvement,8/29/2023,pending,10/10/2025
658,584291.68,611,88180.89,336,26.26,debt consolidation,5/9/2022,pending,4/30/2024
659,623823.88,595,796151.43,36,26.93,home improvement,3/20/2022,pending,6/23/2025
660,146590.67,736,237142.46,12,5.52,home improvement,2/20/2024,rejected,4/21/2025
661,244584.44,753,167412.95,236,7.29,education,11/27/2024,approved,6/10/2024
662,673732.6,545,339866.14,93,11.73,debt consolidation,1/21/2024,approved,10/9/2025
663,575862.36,357,779798.87,34,29.97,home improvement,10/21/2022,rejected,12/6/2025
664,257272.16,420,191037.35,43,11.28,home improvement,4/25/2024,approved,3/3/2024
665,126239.35,694,225551.75,203,11.4,debt consolidation,2/18/2022,pending,1/8/2025
666,879411.81,312,894837.32,285,4.42,debt consolidation,3/25/2023,rejected,5/14/2025
667,289030.21,441,549291.53,153,7.05,debt consolidation,1/17/2022,approved,12/15/2025
668,902521.15,321,348480.29,33,2.89,debt consolidation,3/10/2023,pending,3/11/2025
669,251168.03,606,468532.77,237,10.02,education,9/23/2024,pending,7/15/2024
670,957318.35,777,904257.0,211,17.15,education,11/10/2023,pending,5/26/2025
671,100222.69,836,398237.21,223,6.33,debt consolidation,2/3/2022,pending,2/12/2025
672,288161.21,465,740543.41,42,29.5,education,8/20/2024,approved,7/17/2024
673,980710.05,379,583071.01,263,29.42,home improvement,4/9/2022,pending,11/17/2024
674,679098.4,516,348219.56,263,10.77,education,11/8/2023,pending,9/3/2025
675,164669.62,326,249150.18,61,23.86,debt consolidation,9/29/2024,approved,6/7/2025
676,973417.19,431,854732.38,114,13.42,education,6/5/2022,pending,6/24/2024
677,917130.74,386,186798.03,107,9.93,debt consolidation,10/28/2022,approved,10/10/2024
678,808369.74,459,911090.19,127,15.03,education,2/1/2022,pending,10/26/2024
679,156927.15,338,201028.91,160,27.66,debt consolidation,1/2/2024,approved,12/28/2025
680,651967.73,398,861597.19,228,18.78,education,10/3/2024,approved,9/29/2024
681,849752.37,727,105813.45,118,3.9,education,6/28/2022,pending,10/30/2024
682,668130.77,607,499722.42,2,13.46,education,10/18/2022,approved,3/11/2025
683,339320.56,756,36809.85,130,8.9,debt consolidation,12/11/2022,approved,6/24/2024
684,83815.45,327,608834.75,287,11.02,debt consolidation,2/25/2022,rejected,11/9/2024
685,409709.14,753,361596.81,316,9.56,education,7/10/2022,rejected,10/7/2025
686,142815.97,844,459596.98,53,18.21,education,2/8/2024,pending,3/10/2025
687,880962.13,604,589329.43,166,25.61,debt consolidation,9/25/2024,approved,12/2/2025
688,275036.35,735,324940.04,157,4.53,home improvement,6/11/2022,approved,9/12/2024
689,67979.55,595,762601.96,173,5.34,education,2/2/2024,approved,3/11/2025
690,634501.49,546,803549.36,63,15.16,education,7/18/2024,pending,10/20/2024
691,651746.21,447,105378.04,158,13.24,debt consolidation,3/20/2022,rejected,3/17/2025
692,447478.1,704,183647.36,314,3.33,home improvement,12/16/2023,pending,8/24/2024
693,310778.65,611,489054.58,21,28.95,home improvement,10/5/2022,pending,4/6/2025
694,866448.85,438,475497.54,354,28.39,home improvement,8/3/2022,approved,10/17/2025
695,864078.01,739,379275.7,136,11.86,home improvement,2/11/2024,rejected,4/22/2024
696,13250.82,321,304342.06,70,16.61,debt consolidation,1/28/2024,pending,12/15/2025
697,295901.56,843,203299.99,92,1.79,debt consolidation,8/8/2022,approved,7/23/2025
698,599231.26,662,575617.88,251,12.3,education,4/7/2024,approved,6/6/2025
699,384254.11,692,617470.2,245,18.54,debt consolidation,6/22/2022,pending,7/23/2025
700,165928.78,364,899441.57,47,12.36,home improvement,8/29/2022,rejected,4/20/2024
701,151615.63,608,788991.56,53,25.78,home improvement,12/29/2023,approved,7/16/2024
702,709627.92,372,907629.98,67,15.71,debt consolidation,2/20/2022,approved,1/5/2024
703,700148.56,685,51953.53,153,2.6,education,1/23/2024,pending,11/25/2024
704,172139.78,662,315605.91,277,16.19,education,6/1/2023,rejected,8/14/2024
705,750013.08,776,410375.91,303,26.38,debt consolidation,1/28/2022,pending,10/2/2024
706,994313.94,692,640659.37,257,26.07,education,3/1/2023,pending,4/8/2025
707,673140.32,610,270061.75,268,29.7,debt consolidation,9/17/2024,pending,3/23/2025
708,183222.14,572,7685.19,43,6.92,home improvement,12/18/2023,approved,11/21/2025
709,462627.55,405,854166.88,67,10.06,debt consolidation,10/22/2024,approved,3/28/2024
710,691005.88,757,185281.72,252,16.04,home improvement,5/14/2024,approved,3/23/2025
711,544687.36,695,712197.8,124,6.29,home improvement,7/13/2024,approved,1/5/2025
712,168882.64,756,569004.99,305,29.65,home improvement,7/11/2022,rejected,5/12/2025
713,287066.96,675,440092.55,360,5.91,debt consolidation,5/11/2024,pending,2/6/2025
714,334270.15,732,202735.11,139,5.05,home improvement,4/2/2022,pending,1/6/2024
715,493038.03,437,115577.71,59,24.36,education,6/22/2022,pending,7/20/2024
716,881301.58,729,111563.15,62,7.49,education,10/24/2022,pending,5/16/2025
717,53127.67,635,836602.88,312,9.61,debt consolidation,3/26/2023,approved,5/21/2024
718,993293.23,844,462109.76,297,28.05,education,6/12/2024,approved,9/1/2024
719,1291.14,491,589132.67,124,21.29,education,2/1/2024,rejected,7/9/2024
720,527049.87,813,165219.55,34,11.14,education,12/2/2023,pending,9/12/2024
721,545207.52,422,393356.58,24,26.45,debt consolidation,1/7/2024,pending,2/27/2025
722,341814.09,611,291537.02,294,24.18,education,6/27/2024,approved,12/12/2025
723,725769.16,509,216260.56,33,24.36,debt consolidation,11/6/2022,approved,1/22/2025
724,231103.68,646,636939.76,29,0.84,debt consolidation,1/9/2024,approved,5/15/2024
725,854574.6,827,94345.93,324,6.07,home improvement,8/30/2023,rejected,5/25/2024
726,33691.92,376,293243.22,170,26.47,education,3/6/2022,pending,3/14/2025
727,4516.14,751,591753.26,122,25.0,home improvement,2/28/2023,pending,7/25/2025
728,633157.75,595,240005.93,188,27.33,home improvement,10/14/2022,pending,10/31/2024
729,420892.06,482,782443.3,354,12.82,debt consolidation,5/20/2023,approved,12/29/2025
730,330777.48,433,331782.45,231,21.22,home improvement,1/6/2024,pending,9/12/2024
731,621006.96,646,702237.24,11,7.94,debt consolidation,8/12/2023,rejected,7/2/2024
732,472531.53,679,494292.03,185,26.95,home improvement,2/15/2024,rejected,1/8/2025
733,906004.13,750,127751.94,46,19.93,education,10/21/2024,approved,11/12/2025
734,21729.1,815,272792.6,94,22.55,home improvement,4/19/2024,pending,10/22/2025
735,92947.46,439,606485.24,193,1.74,home improvement,3/7/2023,rejected,12/13/2025
736,601846.78,575,469272.39,31,2.27,home improvement,3/15/2023,pending,8/12/2025
737,538094.66,718,957591.87,270,8.6,education,2/24/2023,approved,3/10/2024
738,902878.27,636,503226.62,197,4.3,education,1/28/2022,pending,6/30/2024
739,500156.71,694,177588.45,280,2.79,home improvement,8/31/2023,approved,7/22/2025
740,936686.68,307,513422.53,120,25.09,home improvement,7/8/2024,rejected,6/23/2024
741,312304.76,355,561140.22,322,9.23,education,10/31/2022,rejected,6/17/2025
742,460959.08,512,870097.33,284,1.08,home improvement,6/13/2022,rejected,1/19/2024
743,735321.79,748,539648.24,176,10.4,home improvement,2/18/2023,approved,1/12/2024
744,544756.41,405,399060.89,66,1.96,debt consolidation,5/18/2023,rejected,12/19/2025
745,628879.27,509,101868.61,28,10.8,debt consolidation,3/2/2023,pending,7/19/2024
746,79996.88,323,758296.2,18,3.26,debt consolidation,3/20/2024,rejected,4/24/2025
747,715865.94,596,256931.82,305,3.48,education,12/16/2024,rejected,5/7/2025
748,294553.08,644,951953.09,225,15.22,education,10/11/2023,pending,5/31/2024
749,450355.87,462,358161.59,4,0.87,education,5/10/2024,approved,7/18/2024
750,983242.31,439,567942.78,40,14.99,debt consolidation,5/4/2022,rejected,10/2/2024
751,653526.64,461,282149.82,112,8.56,debt consolidation,8/31/2023,approved,1/5/2024
752,394409.68,742,767071.62,160,29.35,debt consolidation,4/23/2022,rejected,9/23/2025
753,610524.38,584,939519.78,4,19.41,debt consolidation,1/7/2023,approved,8/23/2024
754,682896.76,691,867511.15,265,17.8,debt consolidation,4/9/2022,rejected,11/6/2025
755,209603.55,744,112563.9,178,11.35,home improvement,1/29/2024,approved,9/19/2024
756,156745.08,678,316878.95,16,18.37,home improvement,10/24/2024,pending,1/27/2025
757,154958.33,626,955328.34,112,4.97,home improvement,4/10/2022,pending,2/2/2025
758,37815.57,498,478277.72,337,11.65,debt consolidation,12/22/2023,rejected,8/1/2024
759,7525.46,664,654622.79,81,9.75,education,7/25/2023,approved,6/13/2024
760,598785.25,310,899509.37,270,3.13,education,11/18/2024,pending,7/20/2025
761,214870.35,412,592479.7,200,3.65,debt consolidation,5/22/2022,rejected,9/18/2024
762,508452.61,391,936314.16,257,13.37,education,11/16/2022,rejected,12/11/2024
763,851630.91,726,946666.1,39,21.91,debt consolidation,1/22/2022,rejected,7/2/2024
764,829475.45,749,37355.2,181,20.83,debt consolidation,12/31/2023,approved,7/14/2025
765,493908.89,796,222159.44,301,10.81,education,8/21/2022,rejected,9/22/2025
766,577476.07,727,516094.63,255,27.63,home improvement,1/30/2024,rejected,4/15/2025
767,876416.36,842,902388.54,252,6.07,home improvement,5/6/2023,pending,10/27/2024
768,404530.09,379,959914.48,102,28.97,debt consolidation,5/8/2024,pending,12/1/2025
769,758833.99,742,436177.87,218,2.63,home improvement,11/23/2024,pending,2/2/2025
770,193980.7,441,51138.51,321,22.06,home improvement,4/10/2024,pending,1/12/2024
771,96678.02,617,412085.23,138,4.48,home improvement,4/18/2023,rejected,5/8/2025
772,927374.14,818,5826.17,270,3.16,education,8/5/2024,pending,8/15/2024
773,845706.66,807,842666.98,73,8.96,debt consolidation,9/3/2023,pending,7/14/2024
774,373037.14,836,14401.71,28,0.32,education,6/4/2024,rejected,10/5/2024
775,497617.29,829,28583.27,124,2.36,debt consolidation,1/6/2024,pending,5/20/2024
776,149329.71,438,319475.89,266,1.78,home improvement,3/27/2022,pending,4/27/2024
777,302015.03,318,298004.76,222,28.76,home improvement,9/12/2024,approved,5/4/2024
778,920509.84,697,831586.54,266,3.07,home improvement,5/2/2023,approved,5/11/2024
779,693311.15,587,611243.15,224,27.62,education,1/30/2023,approved,8/15/2024
780,263661.54,492,404136.4,132,2.97,home improvement,2/26/2022,rejected,11/29/2025
781,306681.72,404,601959.28,248,16.27,home improvement,4/30/2023,pending,10/31/2024
782,4818.64,334,714252.33,53,28.81,education,8/24/2022,approved,3/29/2025
783,662338.31,417,172638.25,126,22.23,education,1/16/2022,pending,2/22/2024
784,46345.79,368,786400.26,316,29.95,debt consolidation,10/19/2023,rejected,2/6/2025
785,356702.28,592,209677.76,181,13.56,home improvement,3/10/2023,rejected,7/11/2024
786,80157.57,360,213480.19,239,5.87,education,9/9/2024,pending,4/6/2025
787,828367.27,609,8816.89,100,12.97,education,3/24/2023,approved,1/5/2025
788,628289.9,351,355966.02,229,10.92,debt consolidation,9/2/2024,approved,12/12/2024
789,950154.9,560,307862.1,180,27.91,debt consolidation,8/5/2024,pending,5/2/2024
790,657472.02,788,905137.36,202,9.9,debt consolidation,4/7/2022,rejected,5/11/2024
791,793518.77,840,973574.57,184,13.33,debt consolidation,3/10/2024,pending,12/22/2024
792,373051.06,489,483823.9,240,5.42,home improvement,1/23/2024,pending,4/5/2024
793,815947.4,809,764425.33,18,17.95,debt consolidation,7/19/2024,approved,6/8/2025
794,992362.31,425,458544.65,273,9.23,debt consolidation,1/10/2024,pending,3/29/2024
795,838016.32,361,154759.38,165,19.73,debt consolidation,10/27/2023,approved,8/3/2025
796,541110.83,539,864534.9,36,4.92,education,5/24/2023,pending,9/14/2024
797,918429.41,305,436284.64,232,3.32,home improvement,9/14/2022,pending,7/29/2024
798,418425.57,792,510012.7,247,22.19,debt consolidation,7/2/2022,approved,7/4/2024
799,417680.39,677,606430.88,345,15.53,debt consolidation,9/23/2023,rejected,6/17/2024
800,538584.71,308,954478.69,29,3.35,debt consolidation,7/9/2023,approved,2/15/2025
801,668942.15,366,135414.29,84,2.57,home improvement,6/4/2024,rejected,4/7/2024
802,202822.18,568,797243.5,130,20.14,home improvement,11/11/2023,pending,10/18/2025
803,54322.53,843,154780.11,21,16.32,debt consolidation,5/30/2024,rejected,6/15/2025
804,225047.09,582,547105.57,119,28.75,debt consolidation,11/6/2022,rejected,3/25/2025
805,154609.91,707,792939.16,220,9.76,home improvement,7/26/2023,approved,12/18/2025
806,323602.04,585,833010.26,104,25.07,home improvement,7/18/2023,rejected,7/14/2024
807,864546.46,598,214176.84,89,7.79,debt consolidation,8/17/2024,pending,7/27/2025
808,376952.97,666,841562.29,273,28.36,education,1/9/2024,pending,7/30/2024
809,599547.09,388,850890.11,132,19.36,home improvement,4/18/2022,pending,5/8/2025
810,382407.0,301,898329.98,115,8.62,home improvement,11/17/2022,pending,9/30/2024
811,693618.82,381,554544.97,238,2.33,education,9/22/2023,approved,8/17/2025
812,863851.07,334,275552.42,171,21.18,debt consolidation,12/23/2022,approved,8/23/2025
813,38005.24,628,144566.13,248,3.78,home improvement,7/26/2022,pending,12/24/2025
814,579193.58,846,677254.1,254,27.26,debt consolidation,9/27/2023,pending,11/4/2025
815,497887.21,713,695910.87,81,13.47,debt consolidation,2/5/2024,rejected,5/13/2024
816,7172.94,445,5086.54,68,20.35,home improvement,2/10/2022,rejected,2/17/2024
817,98747.42,516,819164.39,25,6.63,education,12/22/2024,rejected,2/27/2024
818,704641.59,344,340564.24,22,14.75,education,12/10/2024,rejected,8/4/2024
819,126321.81,587,50402.43,103,7.08,debt consolidation,5/8/2023,pending,9/30/2025
820,900650.58,798,286767.89,355,26.0,home improvement,4/8/2022,pending,9/5/2024
821,741640.51,524,235529.88,66,3.89,debt consolidation,11/28/2023,approved,6/5/2024
822,251372.38,647,789267.8,265,21.19,debt consolidation,1/29/2022,rejected,3/25/2025
823,694003.17,701,970220.48,39,0.63,debt consolidation,7/28/2023,approved,11/27/2025
824,380905.85,307,911120.18,287,20.98,education,6/29/2023,pending,1/25/2025
825,683790.55,508,614013.99,221,21.68,education,7/2/2022,rejected,7/8/2024
826,813642.74,622,301809.53,244,13.66,education,2/17/2022,rejected,4/21/2025
827,788931.04,767,550641.39,11,22.64,home improvement,4/12/2024,rejected,6/5/2025
828,383832.49,346,486674.34,2,21.24,education,8/2/2022,pending,8/6/2024
829,938298.72,716,472137.39,108,27.03,home improvement,10/2/2022,rejected,6/18/2025
830,865655.04,443,980129.39,346,1.26,education,5/27/2024,pending,12/22/2024
831,848746.68,762,780734.92,93,17.75,education,6/10/2023,pending,6/9/2025
832,177402.13,655,610647.24,117,2.91,debt consolidation,6/21/2024,pending,1/23/2024
833,129878.75,609,192648.55,191,29.28,education,11/6/2022,pending,11/27/2025
834,420301.92,522,274502.45,68,5.59,debt consolidation,6/19/2022,rejected,8/24/2025
835,976113.75,656,746657.52,1,24.74,debt consolidation,8/28/2024,pending,5/24/2024
836,824050.9,322,439950.92,39,18.99,debt consolidation,2/17/2023,approved,8/5/2025
837,941351.95,342,929918.61,309,4.22,home improvement,10/4/2022,pending,6/15/2024
838,490376.0,477,241922.07,239,4.11,debt consolidation,7/19/2022,rejected,11/21/2024
839,917759.27,537,381983.37,258,14.26,home improvement,12/28/2023,rejected,8/4/2024
840,789704.92,801,803543.08,336,21.63,debt consolidation,6/8/2022,pending,5/6/2025
841,368247.02,514,122441.12,34,5.83,education,4/10/2022,rejected,1/11/2024
842,829237.52,453,338661.06,145,14.56,education,3/17/2024,pending,5/3/2024
843,742530.05,300,85108.13,186,13.5,debt consolidation,4/24/2022,rejected,3/17/2024
844,484981.14,743,176565.61,282,14.22,education,3/10/2024,pending,1/11/2025
845,18881.96,846,859965.25,343,4.22,home improvement,12/5/2022,pending,6/27/2025
846,133920.69,729,542246.25,133,19.72,home improvement,7/28/2022,approved,9/24/2025
847,529832.98,373,63486.36,81,10.64,home improvement,6/15/2022,approved,7/13/2025
848,217300.43,763,44077.21,158,8.84,debt consolidation,8/19/2024,rejected,12/16/2024
849,920998.01,705,599937.17,49,0.73,education,11/25/2023,rejected,8/1/2025
850,73669.17,711,650353.45,22,23.35,home improvement,10/20/2022,pending,2/25/2025
851,781638.1,798,993827.39,306,1.5,education,8/12/2022,pending,11/15/2024
852,850276.94,499,404115.55,50,6.23,home improvement,7/14/2022,approved,5/29/2025
853,877623.38,487,847290.71,314,25.97,home improvement,9/7/2023,pending,2/6/2025
854,541383.92,800,528298.14,107,14.22,education,11/6/2024,pending,10/19/2025
855,268814.39,340,614672.74,53,7.36,home improvement,3/16/2022,pending,3/31/2025
856,791526.57,850,113769.65,40,10.95,home improvement,6/17/2023,rejected,6/20/2024
857,264914.88,364,983598.07,102,26.4,education,6/26/2023,pending,3/7/2024
858,888708.47,340,421336.12,24,1.98,home improvement,5/1/2023,pending,1/19/2025
859,904596.24,500,638111.6,251,11.82,home improvement,8/31/2024,pending,6/29/2025
860,478014.82,386,638311.23,300,4.2,education,5/6/2022,rejected,1/5/2025
861,102274.0,606,734360.13,303,18.97,education,9/13/2024,pending,5/10/2024
862,861284.08,594,966755.04,283,18.9,education,8/29/2023,pending,11/24/2025
863,719818.25,618,982584.25,287,14.38,debt consolidation,9/23/2022,pending,7/17/2024
864,132631.35,815,284289.51,226,7.29,debt consolidation,5/6/2024,rejected,7/4/2025
865,691523.98,481,465903.06,65,24.39,education,8/3/2024,pending,2/4/2024
866,100379.38,748,712083.1,161,21.16,education,12/17/2022,pending,1/3/2024
867,83749.84,361,134443.18,131,8.65,home improvement,9/27/2022,rejected,5/19/2024
868,328705.87,453,343654.0,202,11.11,home improvement,1/14/2022,rejected,7/6/2024
869,345434.76,581,360093.07,134,1.62,home improvement,12/21/2022,rejected,6/4/2025
870,372618.85,598,77170.9,32,6.47,debt consolidation,4/24/2022,pending,4/28/2025
871,360151.35,378,632825.74,326,5.83,home improvement,9/4/2022,rejected,6/25/2025
872,451168.92,545,168912.44,285,19.91,education,11/26/2023,approved,8/2/2025
873,396485.49,514,803830.36,23,5.34,education,5/25/2022,rejected,6/12/2024
874,467378.97,793,405364.72,247,14.72,education,1/13/2023,pending,8/12/2024
875,190938.78,532,800362.97,307,13.65,home improvement,12/6/2022,approved,8/20/2025
876,243493.36,459,209308.35,67,21.38,home improvement,1/7/2023,rejected,6/12/2024
877,549713.15,418,496628.28,51,11.17,debt consolidation,3/2/2024,pending,5/20/2025
878,493720.16,447,164781.46,193,12.21,home improvement,5/28/2022,rejected,1/25/2025
879,691278.33,690,362180.66,126,11.28,education,2/20/2022,pending,2/25/2025
880,802754.25,609,729054.24,339,3.65,debt consolidation,3/23/2022,approved,8/17/2025
881,274299.92,732,793845.94,312,19.6,debt consolidation,4/6/2024,rejected,9/18/2025
882,382502.81,347,473637.66,304,2.36,debt consolidation,11/14/2023,rejected,10/17/2024
883,19023.96,850,895463.69,221,24.72,home improvement,4/18/2022,approved,1/28/2025
884,291034.44,317,391291.16,325,10.49,education,4/18/2022,approved,8/9/2024
885,425735.56,645,801039.92,181,15.7,education,7/26/2023,rejected,8/18/2025
886,909819.81,506,269777.1,58,24.73,education,1/5/2024,rejected,6/7/2024
887,364046.28,311,224370.04,13,29.73,debt consolidation,7/14/2023,approved,7/23/2025
888,781592.61,378,399145.74,64,2.78,home improvement,6/1/2024,approved,1/10/2025
889,868422.39,562,773853.18,136,17.3,debt consolidation,6/26/2023,pending,4/30/2024
890,354231.88,674,894721.95,255,4.57,home improvement,8/3/2024,approved,5/25/2025
891,484408.27,774,822793.69,274,18.92,home improvement,8/6/2024,pending,4/14/2024
892,201806.75,343,798808.38,46,0.31,home improvement,3/12/2024,rejected,4/22/2025
893,158219.43,796,742511.13,353,6.04,education,12/2/2022,pending,5/26/2024
894,516424.79,662,448683.05,330,29.02,debt consolidation,2/2/2023,pending,9/8/2025
895,7193.9,502,663529.3,273,7.08,home improvement,2/3/2024,approved,6/22/2025
896,821168.08,737,900479.14,231,20.84,education,4/10/2023,rejected,12/11/2025
897,845067.28,476,462656.53,338,6.76,education,3/30/2023,pending,8/16/2025
898,520702.56,671,486530.86,221,9.86,debt consolidation,6/12/2023,approved,5/11/2025
899,457513.89,562,627635.19,89,19.86,education,5/19/2023,rejected,5/1/2024
900,740958.4,454,768677.4,296,27.07,education,9/16/2024,pending,2/15/2024
901,781972.33,659,777283.66,135,19.28,debt consolidation,6/22/2023,pending,1/21/2025
902,162529.78,825,977742.57,178,5.51,education,12/16/2024,approved,7/30/2025
903,795566.65,678,967266.39,5,28.03,education,9/27/2022,rejected,3/9/2025
904,687106.37,502,426091.91,264,7.01,home improvement,7/3/2024,rejected,12/14/2024
905,473783.73,585,915139.44,3,0.92,home improvement,11/6/2024,rejected,5/21/2025
906,541998.02,769,899100.07,109,0.95,debt consolidation,3/25/2022,pending,10/6/2024
907,753490.83,514,779085.54,129,8.8,home improvement,6/26/2022,pending,5/15/2024
908,740034.49,756,857500.52,48,23.03,home improvement,1/7/2022,rejected,3/4/2025
909,310417.24,736,92979.72,146,11.57,education,9/26/2024,approved,2/10/2024
910,86784.73,800,798710.42,87,26.97,debt consolidation,10/4/2023,pending,7/8/2024
911,870506.72,740,412551.74,249,1.56,education,10/4/2024,pending,1/10/2024
912,364530.96,585,116826.64,299,20.51,home improvement,11/2/2023,rejected,10/16/2024
913,990341.53,358,181190.43,243,12.01,home improvement,4/4/2022,rejected,1/19/2024
914,389050.62,549,320285.49,86,2.38,debt consolidation,10/9/2024,approved,8/7/2025
915,681984.0,300,316604.44,130,19.71,education,7/8/2022,approved,3/13/2024
916,187074.73,560,721835.72,56,22.62,home improvement,2/18/2024,rejected,8/28/2025
917,964896.38,637,708034.73,176,25.53,debt consolidation,7/17/2023,rejected,1/30/2025
918,565250.59,766,482539.18,172,2.26,debt consolidation,7/16/2022,approved,10/27/2024
919,297542.64,488,185548.4,198,11.2,debt consolidation,4/9/2024,pending,11/6/2025
920,763984.72,518,306229.35,61,10.52,debt consolidation,11/11/2023,approved,9/10/2025
921,572384.35,554,229262.83,207,17.22,debt consolidation,2/15/2024,approved,1/16/2024
922,323101.13,803,476342.57,152,3.64,home improvement,7/21/2022,pending,10/1/2025
923,730138.89,601,220594.13,50,6.07,debt consolidation,2/20/2022,pending,11/22/2024
924,792991.86,465,20658.22,101,16.26,education,5/16/2024,approved,12/5/2024
925,788461.84,475,323072.0,324,22.15,education,9/5/2024,rejected,11/24/2024
926,245489.25,319,71346.78,232,22.31,home improvement,7/2/2023,rejected,1/26/2024
927,200061.4,636,939973.22,262,6.48,home improvement,5/17/2023,rejected,1/13/2024
928,325263.3,492,285376.19,275,23.86,education,12/8/2022,pending,4/6/2025
929,540855.95,573,415691.18,20,9.71,home improvement,5/30/2022,rejected,10/22/2024
930,458932.29,804,812276.84,241,0.92,home improvement,7/2/2024,approved,2/29/2024
931,232823.87,601,364103.69,323,21.32,home improvement,7/19/2024,rejected,2/3/2024
932,794538.77,819,658344.3,172,17.59,debt consolidation,5/24/2024,rejected,2/8/2024
933,417174.11,475,904764.77,110,25.31,home improvement,10/31/2023,rejected,5/23/2025
934,685982.73,465,26665.94,22,23.36,debt consolidation,2/8/2023,approved,7/5/2025
935,825360.04,665,598814.14,202,4.39,home improvement,10/14/2023,pending,10/26/2025
936,264722.12,408,773440.47,332,11.8,debt consolidation,3/7/2023,rejected,7/4/2024
937,771717.88,743,323879.77,253,15.78,debt consolidation,11/9/2023,rejected,8/7/2025
938,9753.92,553,403058.13,229,4.12,debt consolidation,11/27/2023,approved,12/20/2025
939,776009.02,690,72829.53,55,22.6,education,9/28/2022,pending,2/9/2024
940,792676.27,317,668939.19,193,28.61,home improvement,6/20/2023,approved,8/11/2025
941,147817.94,386,286889.79,348,4.06,education,4/28/2024,rejected,1/18/2024
942,954717.27,597,748784.64,279,20.58,home improvement,3/28/2023,pending,6/4/2025
943,855599.44,489,271152.21,187,29.31,home improvement,6/3/2022,pending,5/25/2024
944,750389.8,818,592037.85,106,14.78,home improvement,6/5/2022,approved,10/19/2025
945,191913.45,672,807741.32,157,21.4,debt consolidation,5/20/2022,rejected,8/11/2024
946,252248.35,662,470585.95,175,3.19,home improvement,10/5/2022,approved,5/21/2025
947,287052.31,750,838053.01,290,20.99,debt consolidation,12/19/2022,approved,11/22/2025
948,884066.44,682,241485.16,115,13.63,education,7/22/2024,pending,5/4/2025
949,532019.46,471,424808.34,41,29.55,education,9/2/2023,approved,12/12/2024
950,345028.41,824,989964.98,191,27.63,debt consolidation,9/23/2023,pending,5/4/2025
951,875737.03,532,448609.12,241,22.79,education,7/21/2024,rejected,9/20/2025
952,402139.78,339,561290.88,76,3.04,home improvement,12/17/2024,pending,1/1/2025
953,557849.11,506,517412.54,33,28.77,home improvement,6/3/2022,approved,6/3/2025
954,880187.38,760,38273.11,246,16.09,education,4/18/2023,pending,2/18/2025
955,147375.96,597,136220.68,80,22.26,debt consolidation,6/5/2022,approved,8/12/2025
956,497860.66,365,360005.8,318,9.64,education,5/17/2024,rejected,2/2/2025
957,628786.5,496,258161.77,79,6.49,education,9/26/2022,rejected,8/29/2024
958,787334.49,721,378867.0,263,19.4,home improvement,3/19/2022,pending,9/15/2024
959,169831.84,625,998745.98,117,17.7,debt consolidation,6/26/2023,rejected,4/11/2025
960,129030.21,618,772326.42,96,8.24,home improvement,3/27/2022,rejected,10/10/2025
961,524030.67,613,52437.38,343,9.08,education,9/17/2024,approved,1/4/2024
962,882502.59,735,8825.56,165,14.38,debt consolidation,2/20/2022,pending,12/13/2024
963,299439.68,752,951218.82,231,12.63,education,6/14/2023,pending,11/23/2024
964,190856.65,554,22970.3,195,28.85,debt consolidation,5/24/2023,approved,6/12/2025
965,982085.7,694,683380.73,292,26.87,debt consolidation,1/26/2024,pending,7/29/2025
966,960676.41,487,573224.69,310,14.17,home improvement,11/7/2023,approved,9/20/2024
967,126110.29,324,915270.68,311,11.8,home improvement,12/4/2024,rejected,2/7/2025
968,39650.0,565,770642.97,234,19.38,education,4/4/2024,pending,1/30/2024
969,603962.96,503,828681.11,256,3.77,education,6/23/2023,pending,8/31/2024
970,557863.49,840,816942.24,186,5.01,home improvement,8/15/2022,approved,4/17/2024
971,159255.37,460,498473.9,175,18.14,education,2/15/2023,rejected,3/4/2025
972,906327.24,779,826716.04,115,23.96,debt consolidation,1/9/2024,approved,10/25/2024
973,741238.93,321,228711.08,223,28.05,debt consolidation,8/28/2022,rejected,11/21/2024
974,78320.43,389,177514.07,47,7.16,home improvement,9/15/2022,approved,3/2/2025
975,872996.23,322,17421.99,180,11.99,home improvement,6/22/2022,pending,6/5/2024
976,80093.7,536,208816.82,195,22.2,debt consolidation,7/5/2022,pending,5/6/2024
977,991716.53,794,503430.38,193,13.94,home improvement,10/7/2024,approved,9/7/2025
978,497390.03,522,952944.26,258,23.62,debt consolidation,8/13/2024,pending,12/12/2024
979,296213.96,362,374173.72,330,0.25,debt consolidation,2/15/2024,pending,8/24/2025
980,78871.04,423,581435.23,232,17.94,education,6/12/2024,rejected,6/3/2025
981,703468.55,526,91184.55,359,7.17,debt consolidation,9/11/2022,rejected,3/24/2024
982,449970.94,419,967455.44,89,27.84,home improvement,4/17/2023,rejected,3/26/2024
983,496510.55,588,621713.3,158,14.17,education,11/7/2022,pending,11/12/2024
984,720007.44,475,861850.59,159,13.78,home improvement,1/16/2023,pending,6/10/2024
985,101380.71,588,850467.67,55,1.64,education,9/22/2023,pending,9/24/2025
986,227359.57,701,823342.93,287,22.91,education,3/28/2022,pending,3/23/2025
987,535661.35,766,704296.53,67,16.77,education,9/10/2023,approved,5/31/2025
988,548858.37,527,275097.12,62,11.5,debt consolidation,4/21/2024,rejected,3/16/2024
989,787041.39,477,232308.19,212,16.24,debt consolidation,8/2/2023,rejected,11/2/2025
990,237898.4,363,655186.09,253,16.14,education,5/9/2024,rejected,2/14/2025
991,286956.68,639,376419.07,90,17.53,education,7/18/2022,approved,12/30/2025
992,379108.98,387,865194.33,53,24.44,debt consolidation,3/9/2022,pending,4/6/2024
993,488829.52,641,897628.17,27,21.99,debt consolidation,9/9/2022,pending,12/9/2024
994,262670.45,679,378010.44,259,29.41,home improvement,5/18/2024,rejected,10/28/2024
995,2036.71,530,950857.03,180,22.91,home improvement,10/15/2022,approved,7/5/2025
996,644349.98,720,267902.73,321,29.18,education,9/9/2024,pending,1/22/2024
997,846198.94,733,447693.75,2,17.71,education,8/29/2022,approved,3/21/2025
998,239670.45,761,539549.96,8,12.6,education,6/10/2023,pending,11/16/2024
999,160418.1,720,368203.02,282,23.79,home improvement,2/21/2024,approved,11/23/2025
1000,266200.32,556,528739.42,255,16.47,debt consolidation,4/15/2023,rejected,1/27/2024
